"Population","","Allele: frequency (count)"
"  gnomADe:ALL","","G: 0.999523341 (249535) A: 0.000208288 (52) C: 0.000268371 (67) "
"  gnomADe:afr","","G: 0.997 (15788) A: 0.000252557 (4) C: 0.003 (46) "
"  gnomADe:amr","","G: 0.9999421464 (34568) A: 5.78536e-05 (2) C: 0.000 "
"  gnomADe:asj","","G: 1.000 (10040) A: 0.000 C: 0.000 "
"  gnomADe:eas","","G: 0.999835886 (18277) A: 0.000 C: 0.000164114 (3) "
"  gnomADe:fin","","G: 0.9999052402 (21104) A: 4.73799e-05 (1) C: 4.73799e-05 (1) "
"  gnomADe:nfe","","G: 0.999 (113031) A: 0.000371392 (42) C: 0.00013264 (15) "
"  gnomADe:oth","","G: 0.999 (6114) A: 0.000326904 (2) C: 0.000326904 (2) "
"  gnomADe:sas","","G: 0.9999673352 (30613) A: 3.26648e-05 (1) C: 0.000 "
