"Population","","Allele: frequency (count)"
"  gnomADg:ALL","","C: 0.9997905115 (143176) G: 6.98295e-05 (10) T: 0.000139659 (20) "
"  gnomADg:afr","","C: 0.999523719 (41972) G: 0.000142884 (6) T: 0.000333397 (14) "
"  gnomADg:ami","","C: 1.000 (900) G: 0.000 T: 0.000 "
"  gnomADg:amr","","C: 0.999853523 (13652) G: 0.000146477 (2) T: 0.000 "
"  gnomADg:asj","","C: 1.000 (3324) G: 0.000 T: 0.000 "
"  gnomADg:eas","","C: 1.000 (3132) G: 0.000 T: 0.000 "
"  gnomADg:fin","","C: 1.000 (10444) G: 0.000 T: 0.000 "
"  gnomADg:nfe","","C: 0.9998915771 (64555) G: 3.0978e-05 (2) T: 7.74449e-05 (5) "
"  gnomADg:oth","","C: 1.000 (2152) G: 0.000 T: 0.000 "
"  gnomADg:sas","","C: 0.999671701 (3045) G: 0.000 T: 0.000328299 (1) "
