"Population","","Allele: frequency (count)"
"  gnomADe:ALL","","T: 0.999752444 (250386) C: 0.000247556 (62) "
"  gnomADe:afr","","T: 0.9999384161 (16237) C: 6.15839e-05 (1) "
"  gnomADe:amr","","T: 0.999767874 (34456) C: 0.000232126 (8) "
"  gnomADe:asj","","T: 0.9999005173 (10051) C: 9.94827e-05 (1) "
"  gnomADe:eas","","T: 1.000 (18310) C: 0.000 "
"  gnomADe:fin","","T: 0.9999536866 (21591) C: 4.63134e-05 (1) "
"  gnomADe:nfe","","T: 0.999566686 (113033) C: 0.000433314 (49) "
"  gnomADe:oth","","T: 0.999672346 (6102) C: 0.000327654 (2) "
"  gnomADe:sas","","T: 1.000 (30606) C: 0.000 "
