"Population","","Allele: frequency (count)"
"  gnomADe:ALL","","G: 0.9998807052 (251448) A: 5.16944e-05 (13) C: 5.56709e-05 (14) T: 1.19295e-05 (3) "
"  gnomADe:afr","","G: 1.000 (16256) A: 0.000 C: 0.000 T: 0.000 "
"  gnomADe:amr","","G: 0.9999421798 (34588) A: 0.000 C: 5.78202e-05 (2) T: 0.000 "
"  gnomADe:asj","","G: 1.000 (10080) A: 0.000 C: 0.000 T: 0.000 "
"  gnomADe:eas","","G: 0.999 (18382) A: 0.001 (12) C: 0.000 T: 0.000 "
"  gnomADe:fin","","G: 1.000 (21648) A: 0.000 C: 0.000 T: 0.000 "
"  gnomADe:nfe","","G: 0.9998681388 (113741) A: 0.000 C: 0.000105489 (12) T: 2.63722e-05 (3) "
"  gnomADe:oth","","G: 0.99983708 (6137) A: 0.00016292 (1) C: 0.000 T: 0.000 "
"  gnomADe:sas","","G: 1.000 (30616) A: 0.000 C: 0.000 T: 0.000 "
