"Population","","Allele: frequency (count)"
"  gnomADe:ALL","","C: 0.99990053552 (251321) G: 3.97858e-06 (1) T: 9.54859e-05 (24) "
"  gnomADe:afr","","C: 0.999876969 (16254) G: 0.000 T: 0.000123031 (2) "
"  gnomADe:amr","","C: 0.9999421363 (34562) G: 0.000 T: 5.78637e-05 (2) "
"  gnomADe:asj","","C: 0.999900774 (10077) G: 0.000 T: 9.9226e-05 (1) "
"  gnomADe:eas","","C: 0.999728054 (18381) G: 0.000 T: 0.000271946 (5) "
"  gnomADe:fin","","C: 1.000 (21642) G: 0.000 T: 0.000 "
"  gnomADe:nfe","","C: 0.99991202911 (113664) G: 8.79709e-06 (1) T: 7.91738e-05 (9) "
"  gnomADe:oth","","C: 1.000 (6132) G: 0.000 T: 0.000 "
"  gnomADe:sas","","C: 0.999836676 (30609) G: 0.000 T: 0.000163324 (5) "
