"Population","","Allele: frequency (count)"
"  gnomADe:ALL","","G: 0.999884422 (250883) A: 0.000115578 (29) "
"  gnomADe:afr","","G: 0.9999381953 (16179) A: 6.18047e-05 (1) "
"  gnomADe:amr","","G: 0.999508073 (34541) A: 0.000491927 (17) "
"  gnomADe:asj","","G: 1.000 (10058) A: 0.000 "
"  gnomADe:eas","","G: 0.9999456108 (18385) A: 5.43892e-05 (1) "
"  gnomADe:fin","","G: 1.000 (21614) A: 0.000 "
"  gnomADe:nfe","","G: 0.9999382683 (113387) A: 6.17317e-05 (7) "
"  gnomADe:oth","","G: 0.999672882 (6112) A: 0.000327118 (2) "
"  gnomADe:sas","","G: 0.9999673288 (30607) A: 3.26712e-05 (1) "
