"Population","","Allele: frequency (count)"
"  gnomADe:ALL","","A: 0.99998401663 (250256) C: 3.99584e-06 (1) G: 3.99584e-06 (1) T: 7.99169e-06 (2) "
"  gnomADe:afr","","A: 1.000 (16078) C: 0.000 G: 0.000 T: 0.000 "
"  gnomADe:amr","","A: 1.000 (34582) C: 0.000 G: 0.000 T: 0.000 "
"  gnomADe:asj","","A: 1.000 (10046) C: 0.000 G: 0.000 T: 0.000 "
"  gnomADe:eas","","A: 1.000 (18370) C: 0.000 G: 0.000 T: 0.000 "
"  gnomADe:fin","","A: 1.000 (21648) C: 0.000 G: 0.000 T: 0.000 "
"  gnomADe:nfe","","A: 0.99997340425 (112797) C: 0.000 G: 8.86525e-06 (1) T: 1.77305e-05 (2) "
"  gnomADe:oth","","A: 1.000 (6122) C: 0.000 G: 0.000 T: 0.000 "
"  gnomADe:sas","","A: 0.9999673352 (30613) C: 3.26648e-05 (1) G: 0.000 T: 0.000 "
