"Population","","Allele: frequency (count)"
"  gnomADe:ALL","","G: 0.99996781121 (248526) A: 2.81652e-05 (7) T: 4.02359e-06 (1) "
"  gnomADe:afr","","G: 0.999813386 (16073) A: 0.000186614 (3) T: 0.000 "
"  gnomADe:amr","","G: 1.000 (34508) A: 0.000 T: 0.000 "
"  gnomADe:asj","","G: 0.999899356 (9935) A: 0.000100644 (1) T: 0.000 "
"  gnomADe:eas","","G: 0.9999455871 (18377) A: 0.000 T: 5.44129e-05 (1) "
"  gnomADe:fin","","G: 1.000 (21598) A: 0.000 T: 0.000 "
"  gnomADe:nfe","","G: 0.9999730608 (111359) A: 2.69392e-05 (3) T: 0.000 "
"  gnomADe:oth","","G: 1.000 (6070) A: 0.000 T: 0.000 "
"  gnomADe:sas","","G: 1.000 (30606) A: 0.000 T: 0.000 "
