"Population","","Allele: frequency (count)"
"  gnomADe:ALL","","G: 0.99996421356 (251483) A: 7.95254e-06 (2) T: 2.78339e-05 (7) "
"  gnomADe:afr","","G: 1.000 (16256) A: 0.000 T: 0.000 "
"  gnomADe:amr","","G: 0.999826549 (34586) A: 0.000 T: 0.000173451 (6) "
"  gnomADe:asj","","G: 1.000 (10080) A: 0.000 T: 0.000 "
"  gnomADe:eas","","G: 0.9999456344 (18393) A: 5.43656e-05 (1) T: 0.000 "
"  gnomADe:fin","","G: 1.000 (21646) A: 0.000 T: 0.000 "
"  gnomADe:nfe","","G: 0.99999121018 (113767) A: 8.78982e-06 (1) T: 0.000 "
"  gnomADe:oth","","G: 0.999837134 (6139) A: 0.000 T: 0.000162866 (1) "
"  gnomADe:sas","","G: 1.000 (30616) A: 0.000 T: 0.000 "
