"Population","","Allele: frequency (count)"
"  gnomADe:ALL","","G: 0.99986206038 (130474) A: 0.000122613 (16) C: 7.66331e-06 (1) T: 7.66331e-06 (1) "
"  gnomADe:afr","","G: 1.000 (6088) A: 0.000 C: 0.000 T: 0.000 "
"  gnomADe:amr","","G: 0.9999178847 (24354) A: 8.21153e-05 (2) C: 0.000 T: 0.000 "
"  gnomADe:asj","","G: 0.999876543 (8099) A: 0.000 C: 0.000 T: 0.000123457 (1) "
"  gnomADe:eas","","G: 0.9999041595 (10433) A: 9.58405e-05 (1) C: 0.000 T: 0.000 "
"  gnomADe:fin","","G: 1.000 (5392) A: 0.000 C: 0.000 T: 0.000 "
"  gnomADe:nfe","","G: 0.999859234 (49721) A: 0.000140766 (7) C: 0.000 T: 0.000 "
"  gnomADe:oth","","G: 0.999501247 (4008) A: 0.000498753 (2) C: 0.000 T: 0.000 "
"  gnomADe:sas","","G: 0.9997766262 (22379) A: 0.000178699 (4) C: 4.46748e-05 (1) T: 0.000 "
