"Population","","Allele: frequency (count)"
"  gnomADe:ALL","","C: 0.99991954622 (248570) A: 8.04538e-06 (2) T: 7.24084e-05 (18) "
"  gnomADe:afr","","C: 0.9999377955 (16075) A: 0.000 T: 6.22045e-05 (1) "
"  gnomADe:amr","","C: 0.9999420491 (34510) A: 0.000 T: 5.79509e-05 (2) "
"  gnomADe:asj","","C: 1.000 (9934) A: 0.000 T: 0.000 "
"  gnomADe:eas","","C: 0.999891174 (18376) A: 0.000108826 (2) T: 0.000 "
"  gnomADe:fin","","C: 0.999675866 (21589) A: 0.000 T: 0.000324134 (7) "
"  gnomADe:nfe","","C: 0.9999371713 (111407) A: 0.000 T: 6.28287e-05 (7) "
"  gnomADe:oth","","C: 0.999835364 (6073) A: 0.000 T: 0.000164636 (1) "
"  gnomADe:sas","","C: 1.000 (30606) A: 0.000 T: 0.000 "
