"Population","","Allele: frequency (count)"
"  gnomADe:ALL","","G: 0.999923381 (130506) A: 6.89571e-05 (9) C: 7.6619e-06 (1) "
"  gnomADe:afr","","G: 1.000 (6090) A: 0.000 C: 0.000 "
"  gnomADe:amr","","G: 0.9999589424 (24355) A: 4.10576e-05 (1) C: 0.000 "
"  gnomADe:asj","","G: 1.000 (8102) A: 0.000 C: 0.000 "
"  gnomADe:eas","","G: 0.9999042329 (10441) A: 0.000 C: 9.57671e-05 (1) "
"  gnomADe:fin","","G: 1.000 (5394) A: 0.000 C: 0.000 "
"  gnomADe:nfe","","G: 0.9999396839 (49735) A: 6.03161e-05 (3) C: 0.000 "
"  gnomADe:oth","","G: 0.999750499 (4007) A: 0.000249501 (1) C: 0.000 "
"  gnomADe:sas","","G: 0.999821317 (22382) A: 0.000178683 (4) C: 0.000 "
