"Population","","Allele: frequency (count)"
"  gnomADe:ALL","","C: 0.998 (250814) A: 7.96007e-06 (2) G: 0.002 (437) T: 3.98004e-06 (1) "
"  gnomADe:afr","","C: 0.999753846 (16246) A: 0.000 G: 0.000246154 (4) T: 0.000 "
"  gnomADe:amr","","C: 0.996 (34465) A: 0.000 G: 0.004 (124) T: 2.89101e-05 (1) "
"  gnomADe:asj","","C: 0.9999006951 (10069) A: 0.000 G: 9.93049e-05 (1) T: 0.000 "
"  gnomADe:eas","","C: 1.000 (18394) A: 0.000 G: 0.000 T: 0.000 "
"  gnomADe:fin","","C: 0.998 (21611) A: 0.000 G: 0.002 (37) T: 0.000 "
"  gnomADe:nfe","","C: 0.998 (113303) A: 1.76131e-05 (2) G: 0.002 (247) T: 0.000 "
"  gnomADe:oth","","C: 0.996 (6112) A: 0.000 G: 0.004 (24) T: 0.000 "
"  gnomADe:sas","","C: 1.000 (30614) A: 0.000 G: 0.000 T: 0.000 "
