"Population","","Allele: frequency (count)"
"  gnomADe:ALL","","G: 0.9999233176 (130398) A: 6.13459e-05 (8) C: 1.53365e-05 (2) "
"  gnomADe:afr","","G: 0.999835688 (6085) A: 0.000164312 (1) C: 0.000 "
"  gnomADe:amr","","G: 0.9999588917 (24325) A: 4.11083e-05 (1) C: 0.000 "
"  gnomADe:asj","","G: 1.000 (8100) A: 0.000 C: 0.000 "
"  gnomADe:eas","","G: 0.999808466 (10440) A: 0.000191534 (2) C: 0.000 "
"  gnomADe:fin","","G: 1.000 (5386) A: 0.000 C: 0.000 "
"  gnomADe:nfe","","G: 0.9999396111 (49675) A: 6.03889e-05 (3) C: 0.000 "
"  gnomADe:oth","","G: 1.000 (4008) A: 0.000 C: 0.000 "
"  gnomADe:sas","","G: 0.9998659637 (22379) A: 4.46788e-05 (1) C: 8.93575e-05 (2) "
