"Population","","Allele: frequency (count)"
"  gnomADe:ALL","","G: 0.9999322919 (251061) A: 4.38111e-05 (11) T: 2.3897e-05 (6) "
"  gnomADe:afr","","G: 1.000 (16186) A: 0.000 T: 0.000 "
"  gnomADe:amr","","G: 0.999826459 (34568) A: 0.000 T: 0.000173541 (6) "
"  gnomADe:asj","","G: 1.000 (10068) A: 0.000 T: 0.000 "
"  gnomADe:eas","","G: 0.999891198 (18380) A: 0.000108802 (2) T: 0.000 "
"  gnomADe:fin","","G: 1.000 (21636) A: 0.000 T: 0.000 "
"  gnomADe:nfe","","G: 0.9999295067 (113478) A: 7.04933e-05 (8) T: 0.000 "
"  gnomADe:oth","","G: 1.000 (6132) A: 0.000 T: 0.000 "
"  gnomADe:sas","","G: 0.9999673352 (30613) A: 3.26648e-05 (1) T: 0.000 "
