"Population","","Allele: frequency (count)"
"  gnomADg:ALL","","G: 0.99980457866 (143252) A: 0.000188442 (27) C: 6.97934e-06 (1) "
"  gnomADg:afr","","G: 0.9997381945 (42005) A: 0.000238005 (10) C: 2.38005e-05 (1) "
"  gnomADg:ami","","G: 1.000 (900) A: 0.000 C: 0.000 "
"  gnomADg:amr","","G: 0.999926815 (13663) A: 7.3185e-05 (1) C: 0.000 "
"  gnomADg:asj","","G: 1.000 (3320) A: 0.000 C: 0.000 "
"  gnomADg:eas","","G: 0.999680919 (3133) A: 0.000319081 (1) C: 0.000 "
"  gnomADg:fin","","G: 1.000 (10472) A: 0.000 C: 0.000 "
"  gnomADg:nfe","","G: 0.999783221 (64568) A: 0.000216779 (14) C: 0.000 "
"  gnomADg:oth","","G: 0.999534884 (2149) A: 0.000465116 (1) C: 0.000 "
"  gnomADg:sas","","G: 1.000 (3042) A: 0.000 C: 0.000 "
