"Population","","Allele: frequency (count)"
"  gnomADe:ALL","","T: 0.99994830475 (251461) C: 3.97655e-06 (1) G: 4.77187e-05 (12) "
"  gnomADe:afr","","T: 1.000 (16256) C: 0.000 G: 0.000 "
"  gnomADe:amr","","T: 0.9999710782 (34575) C: 0.000 G: 2.89218e-05 (1) "
"  gnomADe:asj","","T: 1.000 (10080) C: 0.000 G: 0.000 "
"  gnomADe:eas","","T: 0.9999456344 (18393) C: 5.43656e-05 (1) G: 0.000 "
"  gnomADe:fin","","T: 1.000 (21648) C: 0.000 G: 0.000 "
"  gnomADe:nfe","","T: 0.9999120987 (113754) C: 0.000 G: 8.79013e-05 (10) "
"  gnomADe:oth","","T: 0.999837134 (6139) C: 0.000 G: 0.000162866 (1) "
"  gnomADe:sas","","T: 1.000 (30616) C: 0.000 G: 0.000 "
