"Population","","Allele: frequency (count)"
"  gnomADe:ALL","","G: 0.99991249357 (251388) A: 7.95513e-06 (2) C: 7.95513e-05 (20) "
"  gnomADe:afr","","G: 1.000 (16246) A: 0.000 C: 0.000 "
"  gnomADe:amr","","G: 0.9999421798 (34588) A: 5.78202e-05 (2) C: 0.000 "
"  gnomADe:asj","","G: 1.000 (10080) A: 0.000 C: 0.000 "
"  gnomADe:eas","","G: 0.9999456344 (18393) A: 0.000 C: 5.43656e-05 (1) "
"  gnomADe:fin","","G: 0.999676644 (21641) A: 0.000 C: 0.000323356 (7) "
"  gnomADe:nfe","","G: 0.999894463 (113692) A: 0.000 C: 0.000105537 (12) "
"  gnomADe:oth","","G: 1.000 (6136) A: 0.000 C: 0.000 "
"  gnomADe:sas","","G: 1.000 (30612) A: 0.000 C: 0.000 "
