"Population","","Allele: frequency (count)"
"  gnomADe:ALL","","C: 0.99991570238 (130479) A: 7.66342e-06 (1) G: 3.06537e-05 (4) T: 4.59805e-05 (6) "
"  gnomADe:afr","","C: 1.000 (6088) A: 0.000 G: 0.000 T: 0.000 "
"  gnomADe:amr","","C: 0.9999589424 (24355) A: 0.000 G: 4.10576e-05 (1) T: 0.000 "
"  gnomADe:asj","","C: 0.999876543 (8099) A: 0.000 G: 0.000 T: 0.000123457 (1) "
"  gnomADe:eas","","C: 1.000 (10434) A: 0.000 G: 0.000 T: 0.000 "
"  gnomADe:fin","","C: 1.000 (5392) A: 0.000 G: 0.000 T: 0.000 "
"  gnomADe:nfe","","C: 0.999899449 (49721) A: 2.01102e-05 (1) G: 2.01102e-05 (1) T: 6.03306e-05 (3) "
"  gnomADe:oth","","C: 1.000 (4010) A: 0.000 G: 0.000 T: 0.000 "
"  gnomADe:sas","","C: 0.999821301 (22380) A: 0.000 G: 8.93495e-05 (2) T: 8.93495e-05 (2) "
