"Population","","Allele: frequency (count)"
"  gnomADe:ALL","","G: 0.999 (250931) A: 0.001 (281) C: 3.98067e-06 (1) T: 3.98067e-06 (1) "
"  gnomADe:afr","","G: 0.9996308597 (16248) A: 0.000307617 (5) C: 6.15233e-05 (1) T: 0.000 "
"  gnomADe:amr","","G: 0.999 (34533) A: 0.001 (29) C: 0.000 T: 0.000 "
"  gnomADe:asj","","G: 0.999503574 (10067) A: 0.000496426 (5) C: 0.000 T: 0.000 "
"  gnomADe:eas","","G: 0.9999455871 (18377) A: 5.44129e-05 (1) C: 0.000 T: 0.000 "
"  gnomADe:fin","","G: 0.99963028 (21630) A: 0.00036972 (8) C: 0.000 T: 0.000 "
"  gnomADe:nfe","","G: 0.998 (113349) A: 0.002 (214) C: 0.000 T: 8.80561e-06 (1) "
"  gnomADe:oth","","G: 0.999 (6129) A: 0.001 (7) C: 0.000 T: 0.000 "
"  gnomADe:sas","","G: 0.999607971 (30598) A: 0.000392029 (12) C: 0.000 T: 0.000 "
