"Population","","Allele: frequency (count)"
"  gnomADe:ALL","","C: 0.99997211246 (251001) G: 3.98394e-06 (1) T: 2.39036e-05 (6) "
"  gnomADe:afr","","C: 0.9999383629 (16223) G: 0.000 T: 6.16371e-05 (1) "
"  gnomADe:amr","","C: 1.000 (34528) G: 0.000 T: 0.000 "
"  gnomADe:asj","","C: 1.000 (10064) G: 0.000 T: 0.000 "
"  gnomADe:eas","","C: 0.9999456049 (18383) G: 0.000 T: 5.43951e-05 (1) "
"  gnomADe:fin","","C: 1.000 (21606) G: 0.000 T: 0.000 "
"  gnomADe:nfe","","C: 0.99999118896 (113493) G: 0.000 T: 8.81104e-06 (1) "
"  gnomADe:oth","","C: 0.999836815 (6127) G: 0.000 T: 0.000163185 (1) "
"  gnomADe:sas","","C: 0.9999018967 (30577) G: 3.27011e-05 (1) T: 6.54022e-05 (2) "
