"Population","","Allele: frequency (count)"
"  gnomADe:ALL","","G: 0.9999562611 (251481) A: 2.38576e-05 (6) C: 1.98813e-05 (5) "
"  gnomADe:afr","","G: 0.9999384843 (16255) A: 6.15157e-05 (1) C: 0.000 "
"  gnomADe:amr","","G: 1.000 (34592) A: 0.000 C: 0.000 "
"  gnomADe:asj","","G: 1.000 (10078) A: 0.000 C: 0.000 "
"  gnomADe:eas","","G: 0.9999456344 (18393) A: 5.43656e-05 (1) C: 0.000 "
"  gnomADe:fin","","G: 1.000 (21648) A: 0.000 C: 0.000 "
"  gnomADe:nfe","","G: 0.9999824204 (113766) A: 1.75796e-05 (2) C: 0.000 "
"  gnomADe:oth","","G: 1.000 (6140) A: 0.000 C: 0.000 "
"  gnomADe:sas","","G: 0.9997713617 (30609) A: 6.53253e-05 (2) C: 0.000163313 (5) "
