"Population","","Allele: frequency (count)"
"  gnomADe:ALL","","A: 0.999788707 (250783) C: 0.000163453 (41) G: 4.784e-05 (12) "
"  gnomADe:afr","","A: 0.9998769686 (16254) C: 6.15157e-05 (1) G: 6.15157e-05 (1) "
"  gnomADe:amr","","A: 0.9999710916 (34591) C: 2.89084e-05 (1) G: 0.000 "
"  gnomADe:asj","","A: 1.000 (10074) C: 0.000 G: 0.000 "
"  gnomADe:eas","","A: 1.000 (18394) C: 0.000 G: 0.000 "
"  gnomADe:fin","","A: 1.000 (21648) C: 0.000 G: 0.000 "
"  gnomADe:nfe","","A: 0.9995668389 (113073) C: 0.000335921 (38) G: 9.72401e-05 (11) "
"  gnomADe:oth","","A: 0.999836974 (6133) C: 0.000163026 (1) G: 0.000 "
"  gnomADe:sas","","A: 1.000 (30616) C: 0.000 G: 0.000 "
