"Population","","Allele: frequency (count)"
"  gnomADe:ALL","","A: 4.10041e-06 (1) C: 6.9707e-05 (17) T: 0.99992619259 (243860) "
"  gnomADe:afr","","A: 0.000 C: 0.000133941 (2) T: 0.999866059 (14930) "
"  gnomADe:amr","","A: 0.000 C: 0.000177096 (6) T: 0.999822904 (33874) "
"  gnomADe:asj","","A: 0.000 C: 0.000 T: 1.000 (9876) "
"  gnomADe:eas","","A: 0.000 C: 0.00011288 (2) T: 0.99988712 (17716) "
"  gnomADe:fin","","A: 0.000 C: 4.67596e-05 (1) T: 0.9999532404 (21385) "
"  gnomADe:nfe","","A: 0.000 C: 5.42829e-05 (6) T: 0.9999457171 (110526) "
"  gnomADe:oth","","A: 0.000 C: 0.000 T: 1.000 (5958) "
"  gnomADe:sas","","A: 3.37883e-05 (1) C: 0.000 T: 0.9999662117 (29595) "
