"Population","","Allele: frequency (count)"
"  gnomADg:ALL","","G: 0.99997905817 (143251) A: 6.98061e-06 (1) C: 6.98061e-06 (1) T: 6.98061e-06 (1) "
"  gnomADg:afr","","G: 0.9999762086 (42031) A: 2.37914e-05 (1) C: 0.000 T: 0.000 "
"  gnomADg:ami","","G: 1.000 (900) A: 0.000 C: 0.000 T: 0.000 "
"  gnomADg:amr","","G: 1.000 (13640) A: 0.000 C: 0.000 T: 0.000 "
"  gnomADg:asj","","G: 1.000 (3324) A: 0.000 C: 0.000 T: 0.000 "
"  gnomADg:eas","","G: 1.000 (3132) A: 0.000 C: 0.000 T: 0.000 "
"  gnomADg:fin","","G: 1.000 (10472) A: 0.000 C: 0.000 T: 0.000 "
"  gnomADg:nfe","","G: 0.9999845115 (64563) A: 0.000 C: 1.54885e-05 (1) T: 0.000 "
"  gnomADg:oth","","G: 0.999535316 (2151) A: 0.000 C: 0.000 T: 0.000464684 (1) "
"  gnomADg:sas","","G: 1.000 (3038) A: 0.000 C: 0.000 T: 0.000 "
