"Population","","Allele: frequency (count)"
"  gnomADe:ALL","","T: 0.99991715151 (108623) A: 5.52323e-05 (6) C: 9.20539e-06 (1) G: 1.84108e-05 (2) "
"  gnomADe:afr","","T: 1.000 (2984) A: 0.000 C: 0.000 G: 0.000 "
"  gnomADe:amr","","T: 1.000 (20882) A: 0.000 C: 0.000 G: 0.000 "
"  gnomADe:asj","","T: 1.000 (7480) A: 0.000 C: 0.000 G: 0.000 "
"  gnomADe:eas","","T: 1.000 (6692) A: 0.000 C: 0.000 G: 0.000 "
"  gnomADe:fin","","T: 0.99988574 (8751) A: 0.000 C: 0.00011426 (1) G: 0.000 "
"  gnomADe:nfe","","T: 0.9998464216 (39062) A: 0.000127982 (5) C: 0.000 G: 2.55964e-05 (1) "
"  gnomADe:oth","","T: 0.999690402 (3229) A: 0.000309598 (1) C: 0.000 G: 0.000 "
"  gnomADe:sas","","T: 0.9999488334 (19543) A: 0.000 C: 0.000 G: 5.11666e-05 (1) "
