"Population","","Allele: frequency (count)"
"  gnomADg:ALL","","G: 0.99984819833 (138317) A: 0.000144573 (20) T: 7.22867e-06 (1) "
"  gnomADg:afr","","G: 0.999866324 (37399) A: 0.000133676 (5) T: 0.000 "
"  gnomADg:ami","","G: 1.000 (900) A: 0.000 T: 0.000 "
"  gnomADg:amr","","G: 0.9998510574 (13426) A: 7.44713e-05 (1) T: 7.44713e-05 (1) "
"  gnomADg:asj","","G: 1.000 (3308) A: 0.000 T: 0.000 "
"  gnomADg:eas","","G: 0.999680919 (3133) A: 0.000319081 (1) T: 0.000 "
"  gnomADg:fin","","G: 1.000 (10484) A: 0.000 T: 0.000 "
"  gnomADg:nfe","","G: 0.999814057 (64524) A: 0.000185943 (12) T: 0.000 "
"  gnomADg:oth","","G: 0.999523356 (2097) A: 0.000476644 (1) T: 0.000 "
"  gnomADg:sas","","G: 1.000 (3046) A: 0.000 T: 0.000 "
