"Population","","Allele: frequency (count)"
"  gnomADg:ALL","","G: 0.99967900483 (143258) A: 6.97817e-06 (1) C: 0.000139563 (20) T: 0.000174454 (25) "
"  gnomADg:afr","","G: 0.9999524398 (42050) A: 2.37801e-05 (1) C: 2.37801e-05 (1) T: 0.000 "
"  gnomADg:ami","","G: 1.000 (900) A: 0.000 C: 0.000 T: 0.000 "
"  gnomADg:amr","","G: 0.998 (13618) A: 0.000 C: 0.001 (8) T: 0.002 (22) "
"  gnomADg:asj","","G: 1.000 (3322) A: 0.000 C: 0.000 T: 0.000 "
"  gnomADg:eas","","G: 1.000 (3132) A: 0.000 C: 0.000 T: 0.000 "
"  gnomADg:fin","","G: 1.000 (10478) A: 0.000 C: 0.000 T: 0.000 "
"  gnomADg:nfe","","G: 0.9997832076 (64564) A: 0.000 C: 0.000170337 (11) T: 4.64554e-05 (3) "
"  gnomADg:oth","","G: 1.000 (2152) A: 0.000 C: 0.000 T: 0.000 "
"  gnomADg:sas","","G: 1.000 (3042) A: 0.000 C: 0.000 T: 0.000 "
