"Population","","Allele: frequency (count)"
"  gnomADe:ALL","","G: 0.9999482175 (251037) A: 3.98327e-05 (10) C: 1.19498e-05 (3) "
"  gnomADe:afr","","G: 1.000 (16236) A: 0.000 C: 0.000 "
"  gnomADe:amr","","G: 0.9999710782 (34575) A: 2.89218e-05 (1) C: 0.000 "
"  gnomADe:asj","","G: 1.000 (10070) A: 0.000 C: 0.000 "
"  gnomADe:eas","","G: 1.000 (18386) A: 0.000 C: 0.000 "
"  gnomADe:fin","","G: 0.9999536135 (21557) A: 4.63865e-05 (1) C: 0.000 "
"  gnomADe:nfe","","G: 0.9999295055 (113476) A: 5.28709e-05 (6) C: 1.76236e-05 (2) "
"  gnomADe:oth","","G: 1.000 (6126) A: 0.000 C: 0.000 "
"  gnomADe:sas","","G: 0.9999020056 (30611) A: 6.53296e-05 (2) C: 3.26648e-05 (1) "
