"Population","","Allele: frequency (count)"
"  ALFA:SAMN10492695","","G: 0.9998 (44891) A: 0.0001559 (7) "
"  ALFA:SAMN10492696","","G: 1.000 (10) A: 0.000 "
"  ALFA:SAMN10492697","","G: 1.000 (72) A: 0.000 "
"  ALFA:SAMN10492698","","G: 1.000 (712) A: 0.000 "
"  ALFA:SAMN10492700","","G: 1.000 (20) A: 0.000 "
"  ALFA:SAMN10492701","","G: 1.000 (56) A: 0.000 "
"  ALFA:SAMN10492702","","G: 1.000 (4) A: 0.000 "
"  ALFA:SAMN10492703","","G: 1.000 (722) A: 0.000 "
"  ALFA:SAMN10492704","","G: 1.000 (128) A: 0.000 "
"  ALFA:SAMN10492705","","G: 0.9998 (50416) A: 0.0001587 (8) "
"  ALFA:SAMN11605645","","G: 0.9998 (4651) A: 0.000215 (1) "
