"Population","","Allele: frequency (count)"
"  ALFA:SAMN10492695","","C: 0.9999 (73334) T: 0.0001363 (10) "
"  ALFA:SAMN10492696","","C: 1.000 (8) T: 0.000 "
"  ALFA:SAMN10492697","","C: 1.000 (86) T: 0.000 "
"  ALFA:SAMN10492698","","C: 1.000 (242) T: 0.000 "
"  ALFA:SAMN10492699","","C: 1.000 (6) T: 0.000 "
"  ALFA:SAMN10492700","","C: 1.000 (22) T: 0.000 "
"  ALFA:SAMN10492701","","C: 1.000 (28) T: 0.000 "
"  ALFA:SAMN10492702","","C: 1.000 (14) T: 0.000 "
"  ALFA:SAMN10492703","","C: 1.000 (250) T: 0.000 "
"  ALFA:SAMN10492704","","C: 1.000 (114) T: 0.000 "
"  ALFA:SAMN10492705","","C: 0.9999 (79540) T: 0.0001257 (10) "
"  ALFA:SAMN11605645","","C: 1.000 (5800) T: 0.000 "
