"Population","","Allele: frequency (count)"
"  ALFA:SAMN10492695","","A: 1.000 (6062) T: 0.000 "
"  ALFA:SAMN10492696","","A: 1.000 (8) T: 0.000 "
"  ALFA:SAMN10492697","","A: 1.000 (26) T: 0.000 "
"  ALFA:SAMN10492698","","A: 0.998 (585) T: 0.002 (1) "
"  ALFA:SAMN10492701","","A: 1.000 (30) T: 0.000 "
"  ALFA:SAMN10492703","","A: 0.998 (593) T: 0.002 (1) "
"  ALFA:SAMN10492704","","A: 1.000 (56) T: 0.000 "
"  ALFA:SAMN10492705","","A: 0.9998 (8986) T: 0.0002225 (2) "
"  ALFA:SAMN11605645","","A: 0.9996 (2275) T: 0.0004394 (1) "
