"Population","","Allele: frequency (count)"
"  ALFA:SAMN10492695","","C: 0.9999 (12787) A: 0.000 T: 7.82e-05 (1) "
"  ALFA:SAMN10492696","","C: 0.972 (70) A: 0.000 T: 0.028 (2) "
"  ALFA:SAMN10492697","","C: 0.987 (73) A: 0.014 (1) T: 0.000 "
"  ALFA:SAMN10492698","","C: 0.983 (1923) A: 0.001 (1) T: 0.016 (32) "
"  ALFA:SAMN10492699","","C: 1.000 (340) A: 0.000 T: 0.000 "
"  ALFA:SAMN10492700","","C: 1.000 (8) A: 0.000 T: 0.000 "
"  ALFA:SAMN10492701","","C: 1.000 (36) A: 0.000 T: 0.000 "
"  ALFA:SAMN10492702","","C: 1.000 (58) A: 0.000 T: 0.000 "
"  ALFA:SAMN10492703","","C: 0.983 (1993) A: 0.0004931 (1) T: 0.017 (34) "
"  ALFA:SAMN10492704","","C: 0.991 (109) A: 0.009 (1) T: 0.000 "
"  ALFA:SAMN10492705","","C: 0.998 (17795) A: 0.0001121 (2) T: 0.002 (37) "
"  ALFA:SAMN11605645","","C: 0.999 (2500) A: 0.000 T: 0.001 (2) "
