"Population","","Allele: frequency (count)"
"  ALFA:SAMN10492695","","C: 0.9998 (85579) T: 0.0001752 (15) "
"  ALFA:SAMN10492696","","C: 1.000 (16) T: 0.000 "
"  ALFA:SAMN10492697","","C: 1.000 (112) T: 0.000 "
"  ALFA:SAMN10492698","","C: 0.999 (827) T: 0.001 (1) "
"  ALFA:SAMN10492699","","C: 1.000 (6) T: 0.000 "
"  ALFA:SAMN10492700","","C: 1.000 (22) T: 0.000 "
"  ALFA:SAMN10492701","","C: 1.000 (58) T: 0.000 "
"  ALFA:SAMN10492702","","C: 1.000 (14) T: 0.000 "
"  ALFA:SAMN10492703","","C: 0.999 (843) T: 0.001 (1) "
"  ALFA:SAMN10492704","","C: 1.000 (170) T: 0.000 "
"  ALFA:SAMN10492705","","C: 0.9998 (94961) T: 0.0002 (19) "
"  ALFA:SAMN11605645","","C: 0.9996 (8327) T: 0.0003601 (3) "
