"Population","","Allele: frequency (count)"
"  ALFA:SAMN10492695","","G: 0.9999 (79395) A: 0.0001385 (11) "
"  ALFA:SAMN10492696","","G: 1.000 (8) A: 0.000 "
"  ALFA:SAMN10492697","","G: 1.000 (52) A: 0.000 "
"  ALFA:SAMN10492698","","G: 1.000 (234) A: 0.000 "
"  ALFA:SAMN10492699","","G: 1.000 (6) A: 0.000 "
"  ALFA:SAMN10492700","","G: 1.000 (22) A: 0.000 "
"  ALFA:SAMN10492701","","G: 1.000 (28) A: 0.000 "
"  ALFA:SAMN10492702","","G: 1.000 (8) A: 0.000 "
"  ALFA:SAMN10492703","","G: 1.000 (242) A: 0.000 "
"  ALFA:SAMN10492704","","G: 1.000 (80) A: 0.000 "
"  ALFA:SAMN10492705","","G: 0.9999 (85735) A: 0.0001283 (11) "
"  ALFA:SAMN11605645","","G: 1.000 (5982) A: 0.000 "
