"Population","","Allele: frequency (count)"
"  ALFA:SAMN10492695","","C: 0.9998 (8128) G: 0.000 T: 0.000246 (2) "
"  ALFA:SAMN10492696","","C: 1.000 (14) G: 0.000 T: 0.000 "
"  ALFA:SAMN10492697","","C: 1.000 (28) G: 0.000 T: 0.000 "
"  ALFA:SAMN10492698","","C: 1.000 (662) G: 0.000 T: 0.000 "
"  ALFA:SAMN10492701","","C: 1.000 (32) G: 0.000 T: 0.000 "
"  ALFA:SAMN10492702","","C: 1.000 (4) G: 0.000 T: 0.000 "
"  ALFA:SAMN10492703","","C: 1.000 (676) G: 0.000 T: 0.000 "
"  ALFA:SAMN10492704","","C: 1.000 (60) G: 0.000 T: 0.000 "
"  ALFA:SAMN10492705","","C: 0.9997 (11169) G: 0.000 T: 0.0002685 (3) "
"  ALFA:SAMN11605645","","C: 0.9996 (2301) G: 0.000 T: 0.0004344 (1) "
