"Population","","Allele: frequency (count)"
"  ALFA:SAMN10492695","","T: 0.9997 (31559) C: 0.0003484 (11) "
"  ALFA:SAMN10492696","","T: 1.000 (16) C: 0.000 "
"  ALFA:SAMN10492697","","T: 1.000 (62) C: 0.000 "
"  ALFA:SAMN10492698","","T: 1.000 (724) C: 0.000 "
"  ALFA:SAMN10492701","","T: 1.000 (32) C: 0.000 "
"  ALFA:SAMN10492702","","T: 1.000 (10) C: 0.000 "
"  ALFA:SAMN10492703","","T: 1.000 (740) C: 0.000 "
"  ALFA:SAMN10492704","","T: 1.000 (94) C: 0.000 "
"  ALFA:SAMN10492705","","T: 0.9996 (35231) C: 0.0003689 (13) "
"  ALFA:SAMN11605645","","T: 0.999 (2828) C: 0.001 (2) "
