"Population","","Allele: frequency (count)"
"  ALFA:SAMN10492695","","T: 0.9997 (79436) C: 0.0002517 (20) "
"  ALFA:SAMN10492696","","T: 1.000 (16) C: 0.000 "
"  ALFA:SAMN10492697","","T: 1.000 (112) C: 0.000 "
"  ALFA:SAMN10492698","","T: 0.999 (827) C: 0.001 (1) "
"  ALFA:SAMN10492699","","T: 1.000 (6) C: 0.000 "
"  ALFA:SAMN10492700","","T: 1.000 (22) C: 0.000 "
"  ALFA:SAMN10492701","","T: 1.000 (58) C: 0.000 "
"  ALFA:SAMN10492702","","T: 1.000 (14) C: 0.000 "
"  ALFA:SAMN10492703","","T: 0.999 (843) C: 0.001 (1) "
"  ALFA:SAMN10492704","","T: 1.000 (170) C: 0.000 "
"  ALFA:SAMN10492705","","T: 0.9997 (88569) C: 0.0002596 (23) "
"  ALFA:SAMN11605645","","T: 0.9998 (8078) C: 0.0002475 (2) "
