"Population","","Allele: frequency (count)"
"  ALFA:SAMN10492695","","A: 0.9999 (8133) -: 0.0001229 (1) "
"  ALFA:SAMN10492696","","A: 1.000 (14) -: 0.000 "
"  ALFA:SAMN10492697","","A: 1.000 (28) -: 0.000 "
"  ALFA:SAMN10492698","","A: 0.999 (661) -: 0.002 (1) "
"  ALFA:SAMN10492701","","A: 1.000 (32) -: 0.000 "
"  ALFA:SAMN10492702","","A: 1.000 (4) -: 0.000 "
"  ALFA:SAMN10492703","","A: 0.999 (675) -: 0.001 (1) "
"  ALFA:SAMN10492704","","A: 1.000 (60) -: 0.000 "
"  ALFA:SAMN10492705","","A: 0.9997 (11173) -: 0.0002684 (3) "
"  ALFA:SAMN11605645","","A: 0.9996 (2301) -: 0.0004344 (1) "
