"Population","","Allele: frequency (count)"
"  ALFA:SAMN10492695","","T: 1.000 (6062) G: 0.000 "
"  ALFA:SAMN10492696","","T: 1.000 (8) G: 0.000 "
"  ALFA:SAMN10492697","","T: 1.000 (26) G: 0.000 "
"  ALFA:SAMN10492698","","T: 1.000 (586) G: 0.000 "
"  ALFA:SAMN10492701","","T: 1.000 (30) G: 0.000 "
"  ALFA:SAMN10492703","","T: 1.000 (594) G: 0.000 "
"  ALFA:SAMN10492704","","T: 1.000 (56) G: 0.000 "
"  ALFA:SAMN10492705","","T: 0.9999 (8987) G: 0.0001113 (1) "
"  ALFA:SAMN11605645","","T: 0.9996 (2275) G: 0.0004394 (1) "
