"Population","","Allele: frequency (count)"
"  ALFA:SAMN10492695","","C: 0.9995 (85487) T: 0.000456 (39) "
"  ALFA:SAMN10492696","","C: 1.000 (16) T: 0.000 "
"  ALFA:SAMN10492697","","C: 1.000 (78) T: 0.000 "
"  ALFA:SAMN10492698","","C: 1.000 (820) T: 0.000 "
"  ALFA:SAMN10492699","","C: 1.000 (6) T: 0.000 "
"  ALFA:SAMN10492700","","C: 1.000 (22) T: 0.000 "
"  ALFA:SAMN10492701","","C: 1.000 (58) T: 0.000 "
"  ALFA:SAMN10492702","","C: 1.000 (8) T: 0.000 "
"  ALFA:SAMN10492703","","C: 1.000 (836) T: 0.000 "
"  ALFA:SAMN10492704","","C: 1.000 (136) T: 0.000 "
"  ALFA:SAMN10492705","","C: 0.9996 (94762) T: 0.000443 (42) "
"  ALFA:SAMN11605645","","C: 0.9996 (8267) T: 0.0003628 (3) "
