"Population","","Allele: frequency (count)"
"  ALFA:SAMN10492695","","G: 0.9998 (4937) T: 0.0002025 (1) "
"  ALFA:SAMN10492696","","G: 1.000 (6) T: 0.000 "
"  ALFA:SAMN10492697","","G: 1.000 (14) T: 0.000 "
"  ALFA:SAMN10492698","","G: 1.000 (512) T: 0.000 "
"  ALFA:SAMN10492701","","G: 1.000 (18) T: 0.000 "
"  ALFA:SAMN10492703","","G: 1.000 (518) T: 0.000 "
"  ALFA:SAMN10492704","","G: 1.000 (32) T: 0.000 "
"  ALFA:SAMN10492705","","G: 0.9999 (7345) T: 0.0001361 (1) "
"  ALFA:SAMN11605645","","G: 1.000 (1858) T: 0.000 "
