"Population","","Allele: frequency (count)"
"  ALFA:SAMN10492695","","T: 0.9995 (6059) A: 0.0004949 (3) "
"  ALFA:SAMN10492696","","T: 1.000 (8) A: 0.000 "
"  ALFA:SAMN10492697","","T: 1.000 (26) A: 0.000 "
"  ALFA:SAMN10492698","","T: 1.000 (586) A: 0.000 "
"  ALFA:SAMN10492701","","T: 1.000 (30) A: 0.000 "
"  ALFA:SAMN10492703","","T: 1.000 (594) A: 0.000 "
"  ALFA:SAMN10492704","","T: 1.000 (56) A: 0.000 "
"  ALFA:SAMN10492705","","T: 0.9997 (8985) A: 0.0003338 (3) "
"  ALFA:SAMN11605645","","T: 1.000 (2276) A: 0.000 "
