"Population","","Allele: frequency (count)"
"  ALFA:SAMN10492695","","C: 1.000 (8134) -: 0.000 "
"  ALFA:SAMN10492696","","C: 0.929 (13) -: 0.071 (1) "
"  ALFA:SAMN10492697","","C: 1.000 (28) -: 0.000 "
"  ALFA:SAMN10492698","","C: 1.000 (662) -: 0.000 "
"  ALFA:SAMN10492701","","C: 1.000 (32) -: 0.000 "
"  ALFA:SAMN10492702","","C: 1.000 (4) -: 0.000 "
"  ALFA:SAMN10492703","","C: 0.999 (675) -: 0.001 (1) "
"  ALFA:SAMN10492704","","C: 1.000 (60) -: 0.000 "
"  ALFA:SAMN10492705","","C: 0.9998 (11174) -: 0.000179 (2) "
"  ALFA:SAMN11605645","","C: 0.9996 (2301) -: 0.0004344 (1) "
