"Population","","Allele: frequency (count)"
"  ALFA:SAMN10492695","","C: 0.9998 (75359) T: 0.0002255 (17) "
"  ALFA:SAMN10492696","","C: 1.000 (16) T: 0.000 "
"  ALFA:SAMN10492697","","C: 1.000 (78) T: 0.000 "
"  ALFA:SAMN10492698","","C: 0.998 (818) T: 0.002 (2) "
"  ALFA:SAMN10492699","","C: 1.000 (6) T: 0.000 "
"  ALFA:SAMN10492700","","C: 1.000 (22) T: 0.000 "
"  ALFA:SAMN10492701","","C: 1.000 (58) T: 0.000 "
"  ALFA:SAMN10492702","","C: 1.000 (8) T: 0.000 "
"  ALFA:SAMN10492703","","C: 0.998 (834) T: 0.002 (2) "
"  ALFA:SAMN10492704","","C: 1.000 (136) T: 0.000 "
"  ALFA:SAMN10492705","","C: 0.9997 (84093) T: 0.0002972 (25) "
"  ALFA:SAMN11605645","","C: 0.999 (7728) T: 0.001 (6) "
