"Population","","Allele: frequency (count)"
"  ALFA:SAMN10492695","","A: 0.0001629 (1) G: 0.9998 (6139) "
"  ALFA:SAMN10492696","","A: 0.000 G: 1.000 (8) "
"  ALFA:SAMN10492697","","A: 0.000 G: 1.000 (60) "
"  ALFA:SAMN10492698","","A: 0.000 G: 1.000 (594) "
"  ALFA:SAMN10492701","","A: 0.000 G: 1.000 (30) "
"  ALFA:SAMN10492702","","A: 0.000 G: 1.000 (6) "
"  ALFA:SAMN10492703","","A: 0.000 G: 1.000 (602) "
"  ALFA:SAMN10492704","","A: 0.000 G: 1.000 (90) "
"  ALFA:SAMN10492705","","A: 0.0001091 (1) G: 0.9999 (9169) "
"  ALFA:SAMN11605645","","A: 0.000 G: 1.000 (2332) "
