"Population","","Allele: frequency (count)"
"  ALFA:SAMN10492695","","C: 0.9997 (77487) T: 0.0003225 (25) "
"  ALFA:SAMN10492696","","C: 1.000 (16) T: 0.000 "
"  ALFA:SAMN10492697","","C: 1.000 (112) T: 0.000 "
"  ALFA:SAMN10492698","","C: 1.000 (828) T: 0.000 "
"  ALFA:SAMN10492699","","C: 1.000 (6) T: 0.000 "
"  ALFA:SAMN10492700","","C: 1.000 (22) T: 0.000 "
"  ALFA:SAMN10492701","","C: 1.000 (58) T: 0.000 "
"  ALFA:SAMN10492702","","C: 1.000 (14) T: 0.000 "
"  ALFA:SAMN10492703","","C: 1.000 (844) T: 0.000 "
"  ALFA:SAMN10492704","","C: 1.000 (170) T: 0.000 "
"  ALFA:SAMN10492705","","C: 0.9997 (86517) T: 0.0003351 (29) "
"  ALFA:SAMN11605645","","C: 0.9995 (7974) T: 0.001 (4) "
