"Population","","Allele: frequency (count)"
"  ALFA:SAMN10492695","","A: 0.0001012 (7) C: 0.9999 (69145) "
"  ALFA:SAMN10492696","","A: 0.000 C: 1.000 (8) "
"  ALFA:SAMN10492697","","A: 0.000 C: 1.000 (6) "
"  ALFA:SAMN10492698","","A: 0.000 C: 1.000 (162) "
"  ALFA:SAMN10492699","","A: 0.000 C: 1.000 (6) "
"  ALFA:SAMN10492700","","A: 0.000 C: 1.000 (22) "
"  ALFA:SAMN10492701","","A: 0.000 C: 1.000 (2) "
"  ALFA:SAMN10492702","","A: 0.000 C: 1.000 (4) "
"  ALFA:SAMN10492703","","A: 0.000 C: 1.000 (170) "
"  ALFA:SAMN10492704","","A: 0.000 C: 1.000 (8) "
"  ALFA:SAMN10492705","","A: 0.000109 (8) C: 0.9999 (73380) "
"  ALFA:SAMN11605645","","A: 0.0002484 (1) C: 0.9998 (4025) "
