"Population","","Allele: frequency (count)"
"  ALFA:SAMN10492695","","G: 0.9996 (31563) A: 0.0004117 (13) T: 0.000 "
"  ALFA:SAMN10492696","","G: 1.000 (16) A: 0.000 T: 0.000 "
"  ALFA:SAMN10492697","","G: 1.000 (62) A: 0.000 T: 0.000 "
"  ALFA:SAMN10492698","","G: 1.000 (724) A: 0.000 T: 0.000 "
"  ALFA:SAMN10492701","","G: 1.000 (32) A: 0.000 T: 0.000 "
"  ALFA:SAMN10492702","","G: 1.000 (10) A: 0.000 T: 0.000 "
"  ALFA:SAMN10492703","","G: 1.000 (740) A: 0.000 T: 0.000 "
"  ALFA:SAMN10492704","","G: 1.000 (94) A: 0.000 T: 0.000 "
"  ALFA:SAMN10492705","","G: 0.9996 (35239) A: 0.0003688 (13) T: 0.000 "
"  ALFA:SAMN11605645","","G: 1.000 (2832) A: 0.000 T: 0.000 "
