"Population","","Allele: frequency (count)"
"  ALFA:SAMN10492695","","A: 9.996e-05 (3) G: 0.9999 (30009) "
"  ALFA:SAMN10492696","","A: 0.000 G: 1.000 (74) "
"  ALFA:SAMN10492697","","A: 0.000 G: 1.000 (74) "
"  ALFA:SAMN10492698","","A: 0.000 G: 1.000 (2006) "
"  ALFA:SAMN10492699","","A: 0.000 G: 1.000 (340) "
"  ALFA:SAMN10492700","","A: 0.000 G: 1.000 (8) "
"  ALFA:SAMN10492701","","A: 0.000 G: 1.000 (36) "
"  ALFA:SAMN10492702","","A: 0.000 G: 1.000 (58) "
"  ALFA:SAMN10492703","","A: 0.000 G: 1.000 (2080) "
"  ALFA:SAMN10492704","","A: 0.000 G: 1.000 (110) "
"  ALFA:SAMN10492705","","A: 0.0001132 (4) G: 0.9999 (35330) "
"  ALFA:SAMN11605645","","A: 0.0003668 (1) G: 0.9996 (2725) "
