"Population","","Allele: frequency (count)"
"  ALFA:SAMN10492695","","G: 0.9998 (64476) A: 0.0002481 (16) "
"  ALFA:SAMN10492696","","G: 1.000 (16) A: 0.000 "
"  ALFA:SAMN10492697","","G: 1.000 (74) A: 0.000 "
"  ALFA:SAMN10492698","","G: 1.000 (788) A: 0.000 "
"  ALFA:SAMN10492700","","G: 1.000 (20) A: 0.000 "
"  ALFA:SAMN10492701","","G: 1.000 (58) A: 0.000 "
"  ALFA:SAMN10492702","","G: 1.000 (8) A: 0.000 "
"  ALFA:SAMN10492703","","G: 1.000 (804) A: 0.000 "
"  ALFA:SAMN10492704","","G: 1.000 (132) A: 0.000 "
"  ALFA:SAMN10492705","","G: 0.9998 (73253) A: 0.000232 (17) "
"  ALFA:SAMN11605645","","G: 0.9999 (7813) A: 0.000128 (1) "
