"Population","","Allele: frequency (count)"
"  ALFA:SAMN10492695","","G: 0.9999 (77368) A: 0.0001292 (10) "
"  ALFA:SAMN10492696","","G: 1.000 (10) A: 0.000 "
"  ALFA:SAMN10492697","","G: 1.000 (110) A: 0.000 "
"  ALFA:SAMN10492698","","G: 1.000 (752) A: 0.000 "
"  ALFA:SAMN10492699","","G: 1.000 (6) A: 0.000 "
"  ALFA:SAMN10492700","","G: 1.000 (22) A: 0.000 "
"  ALFA:SAMN10492701","","G: 1.000 (56) A: 0.000 "
"  ALFA:SAMN10492702","","G: 1.000 (10) A: 0.000 "
"  ALFA:SAMN10492703","","G: 1.000 (762) A: 0.000 "
"  ALFA:SAMN10492704","","G: 1.000 (166) A: 0.000 "
"  ALFA:SAMN10492705","","G: 0.9998 (86383) A: 0.0001736 (15) "
"  ALFA:SAMN11605645","","G: 0.999 (8049) A: 0.001 (5) "
