"Population","","Allele: frequency (count)"
"  ALFA:SAMN10492695","","C: 0.9996 (8131) T: 0.0003688 (3) "
"  ALFA:SAMN10492696","","C: 1.000 (14) T: 0.000 "
"  ALFA:SAMN10492697","","C: 1.000 (28) T: 0.000 "
"  ALFA:SAMN10492698","","C: 1.000 (662) T: 0.000 "
"  ALFA:SAMN10492701","","C: 1.000 (32) T: 0.000 "
"  ALFA:SAMN10492702","","C: 1.000 (4) T: 0.000 "
"  ALFA:SAMN10492703","","C: 1.000 (676) T: 0.000 "
"  ALFA:SAMN10492704","","C: 1.000 (60) T: 0.000 "
"  ALFA:SAMN10492705","","C: 0.9996 (11172) T: 0.0003579 (4) "
"  ALFA:SAMN11605645","","C: 0.9996 (2301) T: 0.0004344 (1) "
