"Population","","Allele: frequency (count)"
"  gnomADe:ALL","","T: 0.99986832618 (242992) C: 0.000127559 (31) G: 4.11482e-06 (1) "
"  gnomADe:afr","","T: 0.999865193 (14834) C: 0.000134807 (2) G: 0.000 "
"  gnomADe:amr","","T: 0.9999709707 (34447) C: 2.90293e-05 (1) G: 0.000 "
"  gnomADe:asj","","T: 1.000 (9900) C: 0.000 G: 0.000 "
"  gnomADe:eas","","T: 1.000 (18076) C: 0.000 G: 0.000 "
"  gnomADe:fin","","T: 1.000 (21500) C: 0.000 G: 0.000 "
"  gnomADe:nfe","","T: 0.999740192 (107744) C: 0.000259808 (28) G: 0.000 "
"  gnomADe:oth","","T: 0.999833166 (5993) C: 0.000 G: 0.000166834 (1) "
"  gnomADe:sas","","T: 1.000 (30498) C: 0.000 G: 0.000 "
