"Population","","Allele: frequency (count)"
"  gnomADe:ALL","","G: 0.99996356928 (247035) A: 2.8335e-05 (7) C: 8.09572e-06 (2) "
"  gnomADe:afr","","G: 0.9998031492 (15237) A: 6.56168e-05 (1) C: 0.000131234 (2) "
"  gnomADe:amr","","G: 0.9999710195 (34505) A: 2.89805e-05 (1) C: 0.000 "
"  gnomADe:asj","","G: 1.000 (9932) A: 0.000 C: 0.000 "
"  gnomADe:eas","","G: 1.000 (18208) A: 0.000 C: 0.000 "
"  gnomADe:fin","","G: 1.000 (21592) A: 0.000 C: 0.000 "
"  gnomADe:nfe","","G: 0.9999639458 (110940) A: 3.60542e-05 (4) C: 0.000 "
"  gnomADe:oth","","G: 0.999834107 (6027) A: 0.000165893 (1) C: 0.000 "
"  gnomADe:sas","","G: 1.000 (30594) A: 0.000 C: 0.000 "
