"Population","","Allele: frequency (count)"
"  gnomADe:ALL","","G: 0.9997731903 (251255) A: 0.00013529 (34) T: 9.15197e-05 (23) "
"  gnomADe:afr","","G: 0.9998769686 (16254) A: 6.15157e-05 (1) T: 6.15157e-05 (1) "
"  gnomADe:amr","","G: 0.9999132647 (34585) A: 5.78235e-05 (2) T: 2.89118e-05 (1) "
"  gnomADe:asj","","G: 0.999 (10070) A: 0.001 (8) T: 0.000 "
"  gnomADe:eas","","G: 0.9999456226 (18389) A: 5.43774e-05 (1) T: 0.000 "
"  gnomADe:fin","","G: 1.000 (21636) A: 0.000 T: 0.000 "
"  gnomADe:nfe","","G: 0.99966554 (113578) A: 0.000184833 (21) T: 0.000149627 (17) "
"  gnomADe:oth","","G: 1.000 (6134) A: 0.000 T: 0.000 "
"  gnomADe:sas","","G: 0.9998366762 (30609) A: 3.26648e-05 (1) T: 0.000130659 (4) "
