"Population","","Allele: frequency (count)"
"  gnomADe:ALL","","C: 0.9997701328 (130480) G: 6.89602e-05 (9) T: 0.000160907 (21) "
"  gnomADe:afr","","C: 0.999671376 (6084) G: 0.000164312 (1) T: 0.000164312 (1) "
"  gnomADe:amr","","C: 0.999507268 (24342) G: 0.000 T: 0.000492732 (12) "
"  gnomADe:asj","","C: 1.000 (8102) G: 0.000 T: 0.000 "
"  gnomADe:eas","","C: 0.9999042146 (10439) G: 0.000 T: 9.57854e-05 (1) "
"  gnomADe:fin","","C: 1.000 (5396) G: 0.000 T: 0.000 "
"  gnomADe:nfe","","C: 0.999718526 (49724) G: 0.000140737 (7) T: 0.000140737 (7) "
"  gnomADe:oth","","C: 0.999750499 (4007) G: 0.000249501 (1) T: 0.000 "
"  gnomADe:sas","","C: 1.000 (22386) G: 0.000 T: 0.000 "
