"Population","","Allele: frequency (count)"
"  gnomADe:ALL","","C: 0.99997610396 (251082) A: 3.98267e-06 (1) G: 3.98267e-06 (1) T: 1.59307e-05 (4) "
"  gnomADe:afr","","C: 0.999876847 (16238) A: 0.000 G: 0.000 T: 0.000123153 (2) "
"  gnomADe:amr","","C: 1.000 (34542) A: 0.000 G: 0.000 T: 0.000 "
"  gnomADe:asj","","C: 1.000 (10078) A: 0.000 G: 0.000 T: 0.000 "
"  gnomADe:eas","","C: 1.000 (18384) A: 0.000 G: 0.000 T: 0.000 "
"  gnomADe:fin","","C: 1.000 (21628) A: 0.000 G: 0.000 T: 0.000 "
"  gnomADe:nfe","","C: 0.99996476202 (113510) A: 8.80949e-06 (1) G: 8.80949e-06 (1) T: 1.7619e-05 (2) "
"  gnomADe:oth","","C: 1.000 (6124) A: 0.000 G: 0.000 T: 0.000 "
"  gnomADe:sas","","C: 1.000 (30578) A: 0.000 G: 0.000 T: 0.000 "
