"Population","","Allele: frequency (count)"
"  gnomADe:ALL","","G: 0.99992289778 (129688) A: 6.9392e-05 (9) C: 7.71022e-06 (1) "
"  gnomADe:afr","","G: 0.999820079 (5557) A: 0.000179921 (1) C: 0.000 "
"  gnomADe:amr","","G: 0.999794018 (24269) A: 0.000205982 (5) C: 0.000 "
"  gnomADe:asj","","G: 1.000 (8090) A: 0.000 C: 0.000 "
"  gnomADe:eas","","G: 1.000 (10434) A: 0.000 C: 0.000 "
"  gnomADe:fin","","G: 1.000 (5382) A: 0.000 C: 0.000 "
"  gnomADe:nfe","","G: 0.9999394966 (49581) A: 4.03356e-05 (2) C: 2.01678e-05 (1) "
"  gnomADe:oth","","G: 0.999749875 (3997) A: 0.000250125 (1) C: 0.000 "
"  gnomADe:sas","","G: 1.000 (22378) A: 0.000 C: 0.000 "
