"Population","","Allele: frequency (count)"
"  gnomADe:ALL","","G: 0.9998459116 (129776) A: 0.000146384 (19) T: 7.7044e-06 (1) "
"  gnomADe:afr","","G: 0.99983558 (6081) A: 0.000 T: 0.00016442 (1) "
"  gnomADe:amr","","G: 0.999834314 (24138) A: 0.000165686 (4) T: 0.000 "
"  gnomADe:asj","","G: 0.999752414 (8076) A: 0.000247586 (2) T: 0.000 "
"  gnomADe:eas","","G: 0.999519693 (10405) A: 0.000480307 (5) T: 0.000 "
"  gnomADe:fin","","G: 1.000 (5380) A: 0.000 T: 0.000 "
"  gnomADe:nfe","","G: 0.999898875 (49439) A: 0.000101125 (5) T: 0.000 "
"  gnomADe:oth","","G: 1.000 (3986) A: 0.000 T: 0.000 "
"  gnomADe:sas","","G: 0.999865314 (22271) A: 0.000134686 (3) T: 0.000 "
