"Population","","Allele: frequency (count)"
"  gnomADe:ALL","","T: 0.99996814628 (251140) C: 2.7872e-05 (7) G: 3.98172e-06 (1) "
"  gnomADe:afr","","T: 1.000 (16196) C: 0.000 G: 0.000 "
"  gnomADe:amr","","T: 0.999884266 (34558) C: 8.68005e-05 (3) G: 2.89335e-05 (1) "
"  gnomADe:asj","","T: 1.000 (10074) C: 0.000 G: 0.000 "
"  gnomADe:eas","","T: 0.99989102 (18350) C: 0.00010898 (2) G: 0.000 "
"  gnomADe:fin","","T: 1.000 (21642) C: 0.000 G: 0.000 "
"  gnomADe:nfe","","T: 0.99999119749 (113603) C: 8.80251e-06 (1) G: 0.000 "
"  gnomADe:oth","","T: 0.999836601 (6119) C: 0.000163399 (1) G: 0.000 "
"  gnomADe:sas","","T: 1.000 (30598) C: 0.000 G: 0.000 "
