"Population","","Allele: frequency (count)"
"  gnomADe:ALL","","A: 2.78434e-05 (7) C: 3.97763e-06 (1) G: 0.99996420134 (251397) T: 3.97763e-06 (1) "
"  gnomADe:afr","","A: 0.000 C: 0.000 G: 1.000 (16242) T: 0.000 "
"  gnomADe:amr","","A: 0.000 C: 0.000 G: 1.000 (34586) T: 0.000 "
"  gnomADe:asj","","A: 0.000 C: 0.000 G: 1.000 (10078) T: 0.000 "
"  gnomADe:eas","","A: 0.000 C: 5.43774e-05 (1) G: 0.9999456226 (18389) T: 0.000 "
"  gnomADe:fin","","A: 0.000 C: 0.000 G: 1.000 (21644) T: 0.000 "
"  gnomADe:nfe","","A: 4.39684e-05 (5) C: 0.000 G: 0.99994723792 (113712) T: 8.79368e-06 (1) "
"  gnomADe:oth","","A: 0.000 C: 0.000 G: 1.000 (6134) T: 0.000 "
"  gnomADe:sas","","A: 6.53296e-05 (2) C: 0.000 G: 0.9999346704 (30612) T: 0.000 "
