"Population","","Allele: frequency (count)"
"  gnomADe:ALL","","T: 0.99996802835 (250214) A: 3.99645e-06 (1) C: 2.79752e-05 (7) "
"  gnomADe:afr","","T: 0.9999377645 (16067) A: 0.000 C: 6.22355e-05 (1) "
"  gnomADe:amr","","T: 0.9999710816 (34579) A: 0.000 C: 2.89184e-05 (1) "
"  gnomADe:asj","","T: 1.000 (10044) A: 0.000 C: 0.000 "
"  gnomADe:eas","","T: 1.000 (18368) A: 0.000 C: 0.000 "
"  gnomADe:fin","","T: 1.000 (21646) A: 0.000 C: 0.000 "
"  gnomADe:nfe","","T: 0.99997339958 (112777) A: 8.86682e-06 (1) C: 1.77336e-05 (2) "
"  gnomADe:oth","","T: 0.999836655 (6121) A: 0.000 C: 0.000163345 (1) "
"  gnomADe:sas","","T: 0.9999346704 (30612) A: 0.000 C: 6.53296e-05 (2) "
