"Population","","Allele: frequency (count)"
"  gnomADe:ALL","","G: 0.999701293 (251007) A: 0.000298707 (75) "
"  gnomADe:afr","","G: 0.999876953 (16252) A: 0.000123047 (2) "
"  gnomADe:amr","","G: 0.999855391 (34571) A: 0.000144609 (5) "
"  gnomADe:asj","","G: 0.999701967 (10063) A: 0.000298033 (3) "
"  gnomADe:eas","","G: 0.999782467 (18384) A: 0.000217533 (4) "
"  gnomADe:fin","","G: 0.9999076042 (21644) A: 9.23958e-05 (2) "
"  gnomADe:nfe","","G: 0.999532686 (113361) A: 0.000467314 (53) "
"  gnomADe:oth","","G: 0.999510444 (6125) A: 0.000489556 (3) "
"  gnomADe:sas","","G: 0.9999019928 (30607) A: 9.80072e-05 (3) "
