"Population","","Allele: frequency (count)"
"  gnomADe:ALL","","G: 0.99973279284 (250675) A: 0.000263219 (66) T: 3.98816e-06 (1) "
"  gnomADe:afr","","G: 1.000 (16244) A: 0.000 T: 0.000 "
"  gnomADe:amr","","G: 0.999710531 (34536) A: 0.000289469 (10) T: 0.000 "
"  gnomADe:asj","","G: 1.000 (10034) A: 0.000 T: 0.000 "
"  gnomADe:eas","","G: 1.000 (18388) A: 0.000 T: 0.000 "
"  gnomADe:fin","","G: 0.999 (21624) A: 0.001 (14) T: 0.000 "
"  gnomADe:nfe","","G: 0.99963766864 (113115) A: 0.000353494 (40) T: 8.83736e-06 (1) "
"  gnomADe:oth","","G: 0.999673842 (6130) A: 0.000326158 (2) T: 0.000 "
"  gnomADe:sas","","G: 1.000 (30604) A: 0.000 T: 0.000 "
