"Population","","Allele: frequency (count)"
"  gnomADe:ALL","","G: 0.99976224628 (248097) A: 0.000233724 (58) T: 4.02972e-06 (1) "
"  gnomADe:afr","","G: 0.999746064 (15748) A: 0.000253936 (4) T: 0.000 "
"  gnomADe:amr","","G: 1.000 (34464) A: 0.000 T: 0.000 "
"  gnomADe:asj","","G: 1.000 (9956) A: 0.000 T: 0.000 "
"  gnomADe:eas","","G: 1.000 (18288) A: 0.000 T: 0.000 "
"  gnomADe:fin","","G: 1.000 (21420) A: 0.000 T: 0.000 "
"  gnomADe:nfe","","G: 0.99952561637 (111671) A: 0.000465433 (52) T: 8.95063e-06 (1) "
"  gnomADe:oth","","G: 0.999834382 (6037) A: 0.000165618 (1) T: 0.000 "
"  gnomADe:sas","","G: 0.9999672282 (30513) A: 3.27718e-05 (1) T: 0.000 "
