"Population","","Allele: frequency (count)"
"  gnomADg:ALL","","C: 0.9997697136 (143267) A: 2.09351e-05 (3) G: 6.28053e-05 (9) T: 0.000146546 (21) "
"  gnomADg:afr","","C: 0.99976212 (42028) A: 7.1364e-05 (3) G: 4.7576e-05 (2) T: 0.00011894 (5) "
"  gnomADg:ami","","C: 1.000 (900) A: 0.000 G: 0.000 T: 0.000 "
"  gnomADg:amr","","C: 0.999 (13650) A: 0.000 G: 7.31957e-05 (1) T: 0.001 (11) "
"  gnomADg:asj","","C: 1.000 (3320) A: 0.000 G: 0.000 T: 0.000 "
"  gnomADg:eas","","C: 1.000 (3134) A: 0.000 G: 0.000 T: 0.000 "
"  gnomADg:fin","","C: 1.000 (10468) A: 0.000 G: 0.000 T: 0.000 "
"  gnomADg:nfe","","C: 0.9998296739 (64571) A: 0.000 G: 9.29051e-05 (6) T: 7.7421e-05 (5) "
"  gnomADg:oth","","C: 1.000 (2152) A: 0.000 G: 0.000 T: 0.000 "
"  gnomADg:sas","","C: 1.000 (3044) A: 0.000 G: 0.000 T: 0.000 "
