"Population","","Allele: frequency (count)"
"  gnomADe:ALL","","G: 0.9998620728 (130486) A: 0.000122602 (16) C: 1.53252e-05 (2) "
"  gnomADe:afr","","G: 0.999835688 (6085) A: 0.000164312 (1) C: 0.000 "
"  gnomADe:amr","","G: 0.999835756 (24350) A: 0.000123183 (3) C: 4.1061e-05 (1) "
"  gnomADe:asj","","G: 1.000 (8102) A: 0.000 C: 0.000 "
"  gnomADe:eas","","G: 0.999808429 (10438) A: 0.000191571 (2) C: 0.000 "
"  gnomADe:fin","","G: 1.000 (5396) A: 0.000 C: 0.000 "
"  gnomADe:nfe","","G: 0.9997989222 (49722) A: 0.00018097 (9) C: 2.01078e-05 (1) "
"  gnomADe:oth","","G: 1.000 (4008) A: 0.000 C: 0.000 "
"  gnomADe:sas","","G: 0.9999553292 (22385) A: 4.46708e-05 (1) C: 0.000 "
