"Population","","Allele: frequency (count)"
"  gnomADe:ALL","","G: 0.99971647516 (130463) A: 0.000275862 (36) C: 7.66284e-06 (1) "
"  gnomADe:afr","","G: 0.999835742 (6087) A: 0.000164258 (1) C: 0.000 "
"  gnomADe:amr","","G: 0.999753654 (24350) A: 0.000246346 (6) C: 0.000 "
"  gnomADe:asj","","G: 1.000 (8102) A: 0.000 C: 0.000 "
"  gnomADe:eas","","G: 0.999 (10434) A: 0.001 (8) C: 0.000 "
"  gnomADe:fin","","G: 1.000 (5394) A: 0.000 C: 0.000 "
"  gnomADe:nfe","","G: 0.9997586778 (49714) A: 0.000221212 (11) C: 2.01102e-05 (1) "
"  gnomADe:oth","","G: 0.999500998 (4006) A: 0.000499002 (2) C: 0.000 "
"  gnomADe:sas","","G: 0.999642602 (22376) A: 0.000357398 (8) C: 0.000 "
