"Population","","Allele: frequency (count)"
"  gnomADe:ALL","","C: 0.999812992 (251279) T: 0.000187008 (47) "
"  gnomADe:afr","","C: 0.9999384843 (16255) T: 6.15157e-05 (1) "
"  gnomADe:amr","","C: 0.9999710882 (34587) T: 2.89118e-05 (1) "
"  gnomADe:asj","","C: 1.000 (10076) T: 0.000 "
"  gnomADe:eas","","C: 0.9999456344 (18393) T: 5.43656e-05 (1) "
"  gnomADe:fin","","C: 0.998 (21608) T: 0.002 (38) "
"  gnomADe:nfe","","C: 0.9999735948 (113611) T: 2.64052e-05 (3) "
"  gnomADe:oth","","C: 0.999837027 (6135) T: 0.000162973 (1) "
"  gnomADe:sas","","C: 0.9999346747 (30614) T: 6.53253e-05 (2) "
