"Population","","Allele: frequency (count)"
"  gnomADe:ALL","","G: 0.99994830236 (251449) A: 4.77209e-05 (12) T: 3.97674e-06 (1) "
"  gnomADe:afr","","G: 0.9999384843 (16255) A: 6.15157e-05 (1) T: 0.000 "
"  gnomADe:amr","","G: 0.9999421832 (34590) A: 5.78168e-05 (2) T: 0.000 "
"  gnomADe:asj","","G: 1.000 (10080) A: 0.000 T: 0.000 "
"  gnomADe:eas","","G: 1.000 (18388) A: 0.000 T: 0.000 "
"  gnomADe:fin","","G: 1.000 (21648) A: 0.000 T: 0.000 "
"  gnomADe:nfe","","G: 0.99992087357 (113733) A: 7.03346e-05 (8) T: 8.79183e-06 (1) "
"  gnomADe:oth","","G: 1.000 (6140) A: 0.000 T: 0.000 "
"  gnomADe:sas","","G: 0.9999673373 (30615) A: 3.26627e-05 (1) T: 0.000 "
