"Population","","Allele: frequency (count)"
"  gnomADe:ALL","","G: 0.99973033337 (155706) C: 6.42063e-06 (1) T: 0.000263246 (41) "
"  gnomADe:afr","","G: 1.000 (7960) C: 0.000 T: 0.000 "
"  gnomADe:amr","","G: 0.999588816 (24310) C: 0.000 T: 0.000411184 (10) "
"  gnomADe:asj","","G: 1.000 (8482) C: 0.000 T: 0.000 "
"  gnomADe:eas","","G: 1.000 (10804) C: 0.000 T: 0.000 "
"  gnomADe:fin","","G: 0.9999402842 (16745) C: 0.000 T: 5.97158e-05 (1) "
"  gnomADe:nfe","","G: 0.9995040669 (60462) C: 1.65311e-05 (1) T: 0.000479402 (29) "
"  gnomADe:oth","","G: 0.999770642 (4359) C: 0.000 T: 0.000229358 (1) "
"  gnomADe:sas","","G: 1.000 (22584) C: 0.000 T: 0.000 "
