"Population","","Allele: frequency (count)"
"  gnomADe:ALL","","C: 0.999864409 (184353) A: 6.50837e-05 (12) T: 7.05073e-05 (13) "
"  gnomADe:afr","","C: 0.999815906 (10862) A: 0.000 T: 0.000184094 (2) "
"  gnomADe:amr","","C: 0.9995636997 (27492) A: 0.000399942 (11) T: 3.63583e-05 (1) "
"  gnomADe:asj","","C: 1.000 (8750) A: 0.000 T: 0.000 "
"  gnomADe:eas","","C: 1.000 (14474) A: 0.000 T: 0.000 "
"  gnomADe:fin","","C: 1.000 (9594) A: 0.000 T: 0.000 "
"  gnomADe:nfe","","C: 0.999878644 (82392) A: 0.000 T: 0.000121356 (10) "
"  gnomADe:oth","","C: 0.999794998 (4877) A: 0.000205002 (1) T: 0.000 "
"  gnomADe:sas","","C: 1.000 (25912) A: 0.000 T: 0.000 "
