"Population","","Allele: frequency (count)"
"  gnomADe:ALL","","C: 0.99986472017 (251296) A: 3.97883e-06 (1) G: 2.3873e-05 (6) T: 0.000107428 (27) "
"  gnomADe:afr","","C: 1.000 (16230) A: 0.000 G: 0.000 T: 0.000 "
"  gnomADe:amr","","C: 0.9998554161 (34577) A: 2.89168e-05 (1) G: 2.89168e-05 (1) T: 8.67503e-05 (3) "
"  gnomADe:asj","","C: 1.000 (10078) A: 0.000 G: 0.000 T: 0.000 "
"  gnomADe:eas","","C: 1.000 (18390) A: 0.000 G: 0.000 T: 0.000 "
"  gnomADe:fin","","C: 1.000 (21648) A: 0.000 G: 0.000 T: 0.000 "
"  gnomADe:nfe","","C: 0.99999120168 (113657) A: 0.000 G: 8.79832e-06 (1) T: 0.000 "
"  gnomADe:oth","","C: 0.999673736 (6128) A: 0.000 G: 0.000163132 (1) T: 0.000163132 (1) "
"  gnomADe:sas","","C: 0.999 (30588) A: 0.000 G: 9.79944e-05 (3) T: 0.001 (23) "
