"Population","","Allele: frequency (count)"
"  gnomADe:ALL","","  -: 0.000166552 (41)   AG: 0.999833448 (246129) "
"  gnomADe:afr","","  -: 6.57203e-05 (1)   AG: 0.9999342797 (15215) "
"  gnomADe:amr","","  -: 0.000322335 (11)   AG: 0.999677665 (34115) "
"  gnomADe:asj","","  -: 0.00020004 (2)   AG: 0.99979996 (9996) "
"  gnomADe:eas","","  -: 0.000168577 (3)   AG: 0.999831423 (17793) "
"  gnomADe:fin","","  -: 0.000   AG: 1.000 (21426) "
"  gnomADe:nfe","","  -: 0.000188584 (21)   AG: 0.999811416 (111335) "
"  gnomADe:oth","","  -: 0.000335121 (2)   AG: 0.999664879 (5966) "
"  gnomADe:sas","","  -: 3.30207e-05 (1)   AG: 0.9999669793 (30283) "
