"Population","","Allele: frequency (count)"
"  gnomADe:ALL","","C: 0.9998646734 (251210) G: 7.96039e-05 (20) T: 5.57227e-05 (14) "
"  gnomADe:afr","","C: 0.999630678 (16240) G: 0.000 T: 0.000369322 (6) "
"  gnomADe:amr","","C: 0.999 (34558) G: 0.001 (20) T: 0.000 "
"  gnomADe:asj","","C: 1.000 (10068) G: 0.000 T: 0.000 "
"  gnomADe:eas","","C: 1.000 (18392) G: 0.000 T: 0.000 "
"  gnomADe:fin","","C: 0.9999538021 (21645) G: 0.000 T: 4.61979e-05 (1) "
"  gnomADe:nfe","","C: 0.9999559766 (113571) G: 0.000 T: 4.40234e-05 (5) "
"  gnomADe:oth","","C: 0.999836815 (6127) G: 0.000 T: 0.000163185 (1) "
"  gnomADe:sas","","C: 0.9999673309 (30609) G: 0.000 T: 3.26691e-05 (1) "
