"Population","","Allele: frequency (count)"
"  gnomADe:ALL","","C: 0.9999283417 (251174) A: 1.99051e-05 (5) T: 5.17532e-05 (13) "
"  gnomADe:afr","","C: 1.000 (16248) A: 0.000 T: 0.000 "
"  gnomADe:amr","","C: 0.999710866 (34576) A: 0.000 T: 0.000289134 (10) "
"  gnomADe:asj","","C: 0.999503673 (10069) A: 0.000496327 (5) T: 0.000 "
"  gnomADe:eas","","C: 1.000 (18386) A: 0.000 T: 0.000 "
"  gnomADe:fin","","C: 0.9999534884 (21499) A: 0.000 T: 4.65116e-05 (1) "
"  gnomADe:nfe","","C: 0.9999824037 (113658) A: 0.000 T: 1.75963e-05 (2) "
"  gnomADe:oth","","C: 1.000 (6132) A: 0.000 T: 0.000 "
"  gnomADe:sas","","C: 1.000 (30606) A: 0.000 T: 0.000 "
