"Population","","Allele: frequency (count)"
"  gnomADe:ALL","","C: 0.99994381111 (249146) A: 1.20405e-05 (3) G: 4.01349e-06 (1) T: 4.01349e-05 (10) "
"  gnomADe:afr","","C: 1.000 (16088) A: 0.000 G: 0.000 T: 0.000 "
"  gnomADe:amr","","C: 1.000 (34522) A: 0.000 G: 0.000 T: 0.000 "
"  gnomADe:asj","","C: 0.999899497 (9949) A: 0.000 G: 0.000 T: 0.000100503 (1) "
"  gnomADe:eas","","C: 0.999836761 (18375) A: 0.000 G: 0.000 T: 0.000163239 (3) "
"  gnomADe:fin","","C: 1.000 (21632) A: 0.000 G: 0.000 T: 0.000 "
"  gnomADe:nfe","","C: 0.99991063611 (111892) A: 2.68092e-05 (3) G: 8.93639e-06 (1) T: 5.36183e-05 (6) "
"  gnomADe:oth","","C: 1.000 (6082) A: 0.000 G: 0.000 T: 0.000 "
"  gnomADe:sas","","C: 1.000 (30606) A: 0.000 G: 0.000 T: 0.000 "
