"Population","","Allele: frequency (count)"
"  gnomADg:ALL","","C: 0.9999372043 (143313) A: 4.18638e-05 (6) G: 1.39546e-05 (2) T: 6.9773e-06 (1) "
"  gnomADg:afr","","C: 0.9999762256 (42061) A: 0.000 G: 2.37744e-05 (1) T: 0.000 "
"  gnomADg:ami","","C: 1.000 (900) A: 0.000 G: 0.000 T: 0.000 "
"  gnomADg:amr","","C: 0.999853437 (13644) A: 0.000 G: 7.32815e-05 (1) T: 7.32815e-05 (1) "
"  gnomADg:asj","","C: 1.000 (3322) A: 0.000 G: 0.000 T: 0.000 "
"  gnomADg:eas","","C: 1.000 (3132) A: 0.000 G: 0.000 T: 0.000 "
"  gnomADg:fin","","C: 0.999522627 (10469) A: 0.000477373 (5) G: 0.000 T: 0.000 "
"  gnomADg:nfe","","C: 1.000 (64586) A: 0.000 G: 0.000 T: 0.000 "
"  gnomADg:oth","","C: 0.999535316 (2151) A: 0.000464684 (1) G: 0.000 T: 0.000 "
"  gnomADg:sas","","C: 1.000 (3048) A: 0.000 G: 0.000 T: 0.000 "
