"Population","","Allele: frequency (count)"
"  gnomADe:ALL","","G: 0.9997890182 (251153) A: 0.000207001 (52) C: 3.9808e-06 (1) "
"  gnomADe:afr","","G: 0.9999384843 (16255) A: 6.15157e-05 (1) C: 0.000 "
"  gnomADe:amr","","G: 0.999826539 (34584) A: 0.000173461 (6) C: 0.000 "
"  gnomADe:asj","","G: 0.9999007149 (10071) A: 9.92851e-05 (1) C: 0.000 "
"  gnomADe:eas","","G: 1.000 (18392) A: 0.000 C: 0.000 "
"  gnomADe:fin","","G: 0.999722813 (21640) A: 0.000277187 (6) C: 0.000 "
"  gnomADe:nfe","","G: 0.99969165205 (113473) A: 0.000299538 (34) C: 8.80995e-06 (1) "
"  gnomADe:oth","","G: 1.000 (6126) A: 0.000 C: 0.000 "
"  gnomADe:sas","","G: 0.999869349 (30612) A: 0.000130651 (4) C: 0.000 "
