"Population","","Allele: frequency (count)"
"  gnomADe:ALL","","C: 0.99994634045 (130445) G: 7.66565e-06 (1) T: 4.59939e-05 (6) "
"  gnomADe:afr","","C: 0.999835688 (6085) G: 0.000 T: 0.000164312 (1) "
"  gnomADe:amr","","C: 0.9999178307 (24338) G: 0.000 T: 8.21693e-05 (2) "
"  gnomADe:asj","","C: 1.000 (8102) G: 0.000 T: 0.000 "
"  gnomADe:eas","","C: 1.000 (10442) G: 0.000 T: 0.000 "
"  gnomADe:fin","","C: 0.99981454 (5391) G: 0.00018546 (1) T: 0.000 "
"  gnomADe:nfe","","C: 0.9999798785 (49697) G: 0.000 T: 2.01215e-05 (1) "
"  gnomADe:oth","","C: 1.000 (4008) G: 0.000 T: 0.000 "
"  gnomADe:sas","","C: 0.9999106505 (22382) G: 0.000 T: 8.93495e-05 (2) "
