"Population","","Allele: frequency (count)"
"  gnomADe:ALL","","C: 0.99989254831 (251249) G: 3.97969e-06 (1) T: 0.000103472 (26) "
"  gnomADe:afr","","C: 0.999876908 (16246) G: 0.000 T: 0.000123092 (2) "
"  gnomADe:amr","","C: 0.999797618 (34581) G: 0.000 T: 0.000202382 (7) "
"  gnomADe:asj","","C: 1.000 (10074) G: 0.000 T: 0.000 "
"  gnomADe:eas","","C: 1.000 (18394) G: 0.000 T: 0.000 "
"  gnomADe:fin","","C: 0.9999538064 (21647) G: 4.61936e-05 (1) T: 0.000 "
"  gnomADe:nfe","","C: 0.999876741 (113568) G: 0.000 T: 0.000123259 (14) "
"  gnomADe:oth","","C: 0.999673629 (6126) G: 0.000 T: 0.000326371 (2) "
"  gnomADe:sas","","C: 0.9999673352 (30613) G: 0.000 T: 3.26648e-05 (1) "
