"Population","","Allele: frequency (count)"
"  gnomADe:ALL","","G: 0.9997978078 (247240) A: 1.61753e-05 (4) C: 0.000133447 (33) T: 5.25699e-05 (13) "
"  gnomADe:afr","","G: 1.000 (15396) A: 0.000 C: 0.000 T: 0.000 "
"  gnomADe:amr","","G: 0.999 (33801) A: 5.91331e-05 (2) C: 0.000206966 (7) T: 0.000354799 (12) "
"  gnomADe:asj","","G: 1.000 (10034) A: 0.000 C: 0.000 T: 0.000 "
"  gnomADe:eas","","G: 1.000 (17874) A: 0.000 C: 0.000 T: 0.000 "
"  gnomADe:fin","","G: 1.000 (21536) A: 0.000 C: 0.000 T: 0.000 "
"  gnomADe:nfe","","G: 0.99976869608 (112380) A: 1.77926e-05 (2) C: 0.000204615 (23) T: 8.89632e-06 (1) "
"  gnomADe:oth","","G: 1.000 (5988) A: 0.000 C: 0.000 T: 0.000 "
"  gnomADe:sas","","G: 0.999900774 (30231) A: 0.000 C: 9.9226e-05 (3) T: 0.000 "
