"Population","","Allele: frequency (count)"
"  gnomADg:ALL","","G: 0.9998534686 (143293) A: 5.58215e-05 (8) C: 4.18661e-05 (6) T: 4.88438e-05 (7) "
"  gnomADg:afr","","G: 1.000 (42060) A: 0.000 C: 0.000 T: 0.000 "
"  gnomADg:ami","","G: 1.000 (900) A: 0.000 C: 0.000 T: 0.000 "
"  gnomADg:amr","","G: 0.9999267828 (13657) A: 0.000 C: 0.000 T: 7.32172e-05 (1) "
"  gnomADg:asj","","G: 1.000 (3318) A: 0.000 C: 0.000 T: 0.000 "
"  gnomADg:eas","","G: 0.998 (3127) A: 0.002 (7) C: 0.000 T: 0.000 "
"  gnomADg:fin","","G: 1.000 (10474) A: 0.000 C: 0.000 T: 0.000 "
"  gnomADg:nfe","","G: 0.9998141724 (64564) A: 0.000 C: 9.29138e-05 (6) T: 9.29138e-05 (6) "
"  gnomADg:oth","","G: 0.999535747 (2153) A: 0.000464253 (1) C: 0.000 T: 0.000 "
"  gnomADg:sas","","G: 1.000 (3040) A: 0.000 C: 0.000 T: 0.000 "
