"Population","","Allele: frequency (count)"
"  gnomADe:ALL","","C: 0.9998966153 (251462) A: 1.1929e-05 (3) T: 9.14557e-05 (23) "
"  gnomADe:afr","","C: 0.999876969 (16254) A: 0.000 T: 0.000123031 (2) "
"  gnomADe:amr","","C: 0.9999710916 (34591) A: 0.000 T: 2.89084e-05 (1) "
"  gnomADe:asj","","C: 1.000 (10078) A: 0.000 T: 0.000 "
"  gnomADe:eas","","C: 0.999836903 (18391) A: 0.000 T: 0.000163097 (3) "
"  gnomADe:fin","","C: 1.000 (21646) A: 0.000 T: 0.000 "
"  gnomADe:nfe","","C: 0.9998417835 (113750) A: 2.63695e-05 (3) T: 0.000131847 (15) "
"  gnomADe:oth","","C: 0.99983708 (6137) A: 0.000 T: 0.00016292 (1) "
"  gnomADe:sas","","C: 0.9999673373 (30615) A: 0.000 T: 3.26627e-05 (1) "
