"Population","","Allele: frequency (count)"
"  ALFA:SAMN10492695","","  -: 0.0001229 (1)   AG: 0.9999 (8133) "
"  ALFA:SAMN10492696","","  -: 0.000   AG: 1.000 (14) "
"  ALFA:SAMN10492697","","  -: 0.000   AG: 1.000 (28) "
"  ALFA:SAMN10492698","","  -: 0.000   AG: 1.000 (662) "
"  ALFA:SAMN10492701","","  -: 0.000   AG: 1.000 (32) "
"  ALFA:SAMN10492702","","  -: 0.000   AG: 1.000 (4) "
"  ALFA:SAMN10492703","","  -: 0.000   AG: 1.000 (676) "
"  ALFA:SAMN10492704","","  -: 0.000   AG: 1.000 (60) "
"  ALFA:SAMN10492705","","  -: 0.000179 (2)   AG: 0.9998 (11174) "
"  ALFA:SAMN11605645","","  -: 0.0004344 (1)   AG: 0.9996 (2301) "
