"Population","","Allele: frequency (count)"
"  ALFA:SAMN10492695","","C: 0.9995 (85570) T: 0.0004672 (40) "
"  ALFA:SAMN10492696","","C: 1.000 (16) T: 0.000 "
"  ALFA:SAMN10492697","","C: 1.000 (112) T: 0.000 "
"  ALFA:SAMN10492698","","C: 0.999 (827) T: 0.001 (1) "
"  ALFA:SAMN10492699","","C: 1.000 (6) T: 0.000 "
"  ALFA:SAMN10492700","","C: 1.000 (22) T: 0.000 "
"  ALFA:SAMN10492701","","C: 1.000 (58) T: 0.000 "
"  ALFA:SAMN10492702","","C: 1.000 (14) T: 0.000 "
"  ALFA:SAMN10492703","","C: 0.999 (843) T: 0.001 (1) "
"  ALFA:SAMN10492704","","C: 1.000 (170) T: 0.000 "
"  ALFA:SAMN10492705","","C: 0.9996 (94953) T: 0.0004316 (41) "
"  ALFA:SAMN11605645","","C: 1.000 (8328) T: 0.000 "
