"Population","","Allele: frequency (count)"
"  ALFA:SAMN10492695","","A: 0.9998 (79505) G: 0.0002138 (17) "
"  ALFA:SAMN10492696","","A: 1.000 (8) G: 0.000 "
"  ALFA:SAMN10492697","","A: 1.000 (86) G: 0.000 "
"  ALFA:SAMN10492698","","A: 1.000 (242) G: 0.000 "
"  ALFA:SAMN10492699","","A: 1.000 (6) G: 0.000 "
"  ALFA:SAMN10492700","","A: 1.000 (22) G: 0.000 "
"  ALFA:SAMN10492701","","A: 1.000 (28) G: 0.000 "
"  ALFA:SAMN10492702","","A: 1.000 (14) G: 0.000 "
"  ALFA:SAMN10492703","","A: 1.000 (250) G: 0.000 "
"  ALFA:SAMN10492704","","A: 1.000 (114) G: 0.000 "
"  ALFA:SAMN10492705","","A: 0.9998 (85961) G: 0.0002442 (21) "
"  ALFA:SAMN11605645","","A: 0.999 (6050) G: 0.001 (4) "
