"Population","","Allele: frequency (count)"
"  ALFA:SAMN10492695","","C: 0.9998 (6139) A: 0.0001629 (1) T: 0.000 "
"  ALFA:SAMN10492696","","C: 1.000 (8) A: 0.000 T: 0.000 "
"  ALFA:SAMN10492697","","C: 1.000 (60) A: 0.000 T: 0.000 "
"  ALFA:SAMN10492698","","C: 1.000 (594) A: 0.000 T: 0.000 "
"  ALFA:SAMN10492701","","C: 1.000 (30) A: 0.000 T: 0.000 "
"  ALFA:SAMN10492702","","C: 1.000 (6) A: 0.000 T: 0.000 "
"  ALFA:SAMN10492703","","C: 1.000 (602) A: 0.000 T: 0.000 "
"  ALFA:SAMN10492704","","C: 1.000 (90) A: 0.000 T: 0.000 "
"  ALFA:SAMN10492705","","C: 0.9999 (9169) A: 0.0001091 (1) T: 0.000 "
"  ALFA:SAMN11605645","","C: 1.000 (2332) A: 0.000 T: 0.000 "
