"Population","","Allele: frequency (count)"
"  ALFA:SAMN10492695","","A: 0.9999 (8133) C: 0.0001229 (1) "
"  ALFA:SAMN10492696","","A: 1.000 (14) C: 0.000 "
"  ALFA:SAMN10492697","","A: 1.000 (28) C: 0.000 "
"  ALFA:SAMN10492698","","A: 1.000 (662) C: 0.000 "
"  ALFA:SAMN10492701","","A: 1.000 (32) C: 0.000 "
"  ALFA:SAMN10492702","","A: 1.000 (4) C: 0.000 "
"  ALFA:SAMN10492703","","A: 1.000 (676) C: 0.000 "
"  ALFA:SAMN10492704","","A: 1.000 (60) C: 0.000 "
"  ALFA:SAMN10492705","","A: 0.9998 (11174) C: 0.000179 (2) "
"  ALFA:SAMN11605645","","A: 0.9996 (2301) C: 0.0004344 (1) "
