"Population","","Allele: frequency (count)"
"  ALFA:SAMN10492695","","C: 0.9999 (8205) A: 0.0001219 (1) G: 0.000 T: 0.000 "
"  ALFA:SAMN10492696","","C: 1.000 (6) A: 0.000 G: 0.000 T: 0.000 "
"  ALFA:SAMN10492697","","C: 1.000 (2) A: 0.000 G: 0.000 T: 0.000 "
"  ALFA:SAMN10492698","","C: 1.000 (76) A: 0.000 G: 0.000 T: 0.000 "
"  ALFA:SAMN10492701","","C: 1.000 (2) A: 0.000 G: 0.000 T: 0.000 "
"  ALFA:SAMN10492702","","C: 1.000 (4) A: 0.000 G: 0.000 T: 0.000 "
"  ALFA:SAMN10492703","","C: 1.000 (82) A: 0.000 G: 0.000 T: 0.000 "
"  ALFA:SAMN10492704","","C: 1.000 (4) A: 0.000 G: 0.000 T: 0.000 "
"  ALFA:SAMN10492705","","C: 0.9999 (8567) A: 0.0001167 (1) G: 0.000 T: 0.000 "
"  ALFA:SAMN11605645","","C: 1.000 (272) A: 0.000 G: 0.000 T: 0.000 "
