"Population","","Allele: frequency (count)"
"  ALFA:SAMN10492695","","T: 0.9997 (43012) C: 0.0002789 (12) "
"  ALFA:SAMN10492696","","T: 1.000 (14) C: 0.000 "
"  ALFA:SAMN10492697","","T: 1.000 (32) C: 0.000 "
"  ALFA:SAMN10492698","","T: 1.000 (694) C: 0.000 "
"  ALFA:SAMN10492699","","T: 1.000 (6) C: 0.000 "
"  ALFA:SAMN10492700","","T: 1.000 (22) C: 0.000 "
"  ALFA:SAMN10492701","","T: 1.000 (32) C: 0.000 "
"  ALFA:SAMN10492702","","T: 1.000 (4) C: 0.000 "
"  ALFA:SAMN10492703","","T: 1.000 (708) C: 0.000 "
"  ALFA:SAMN10492704","","T: 1.000 (64) C: 0.000 "
"  ALFA:SAMN10492705","","T: 0.9997 (46768) C: 0.0002993 (14) "
"  ALFA:SAMN11605645","","T: 0.999 (2952) C: 0.001 (2) "
