"Population","","Allele: frequency (count)"
"  ALFA:SAMN10492695","","C: 0.9998 (6061) G: 0.000165 (1) "
"  ALFA:SAMN10492696","","C: 1.000 (8) G: 0.000 "
"  ALFA:SAMN10492697","","C: 1.000 (26) G: 0.000 "
"  ALFA:SAMN10492698","","C: 1.000 (586) G: 0.000 "
"  ALFA:SAMN10492701","","C: 1.000 (30) G: 0.000 "
"  ALFA:SAMN10492703","","C: 1.000 (594) G: 0.000 "
"  ALFA:SAMN10492704","","C: 1.000 (56) G: 0.000 "
"  ALFA:SAMN10492705","","C: 0.9999 (8987) G: 0.0001113 (1) "
"  ALFA:SAMN11605645","","C: 1.000 (2276) G: 0.000 "
