"Population","","Allele: frequency (count)"
"  ALFA:SAMN10492695","","A: 0.0003299 (2) G: 0.9997 (6060) "
"  ALFA:SAMN10492696","","A: 0.000 G: 1.000 (8) "
"  ALFA:SAMN10492697","","A: 0.000 G: 1.000 (26) "
"  ALFA:SAMN10492698","","A: 0.000 G: 1.000 (586) "
"  ALFA:SAMN10492701","","A: 0.000 G: 1.000 (30) "
"  ALFA:SAMN10492703","","A: 0.000 G: 1.000 (594) "
"  ALFA:SAMN10492704","","A: 0.000 G: 1.000 (56) "
"  ALFA:SAMN10492705","","A: 0.0002225 (2) G: 0.9998 (8986) "
"  ALFA:SAMN11605645","","A: 0.000 G: 1.000 (2276) "
