"Population","","Allele: frequency (count)"
"  ALFA:SAMN10492695","","A: 0.000166 (1) C: 0.9998 (6023) "
"  ALFA:SAMN10492696","","A: 0.000 C: 1.000 (8) "
"  ALFA:SAMN10492697","","A: 0.000 C: 1.000 (26) "
"  ALFA:SAMN10492698","","A: 0.000 C: 1.000 (586) "
"  ALFA:SAMN10492701","","A: 0.000 C: 1.000 (30) "
"  ALFA:SAMN10492703","","A: 0.000 C: 1.000 (594) "
"  ALFA:SAMN10492704","","A: 0.000 C: 1.000 (56) "
"  ALFA:SAMN10492705","","A: 0.0001119 (1) C: 0.9999 (8933) "
"  ALFA:SAMN11605645","","A: 0.000 C: 1.000 (2260) "
