"Population","","Allele: frequency (count)"
"  ALFA:SAMN10492695","","G: 0.9999 (85594) A: 0.0001402 (12) "
"  ALFA:SAMN10492696","","G: 1.000 (16) A: 0.000 "
"  ALFA:SAMN10492697","","G: 1.000 (112) A: 0.000 "
"  ALFA:SAMN10492698","","G: 1.000 (828) A: 0.000 "
"  ALFA:SAMN10492699","","G: 1.000 (6) A: 0.000 "
"  ALFA:SAMN10492700","","G: 1.000 (22) A: 0.000 "
"  ALFA:SAMN10492701","","G: 1.000 (58) A: 0.000 "
"  ALFA:SAMN10492702","","G: 1.000 (14) A: 0.000 "
"  ALFA:SAMN10492703","","G: 1.000 (844) A: 0.000 "
"  ALFA:SAMN10492704","","G: 1.000 (170) A: 0.000 "
"  ALFA:SAMN10492705","","G: 0.9999 (94978) A: 0.0001474 (14) "
"  ALFA:SAMN11605645","","G: 0.9998 (8328) A: 0.0002401 (2) "
