"Population","","Allele: frequency (count)"
"  ALFA:SAMN10492695","","G: 0.9998 (6061) C: 0.000165 (1) "
"  ALFA:SAMN10492696","","G: 1.000 (8) C: 0.000 "
"  ALFA:SAMN10492697","","G: 1.000 (26) C: 0.000 "
"  ALFA:SAMN10492698","","G: 1.000 (586) C: 0.000 "
"  ALFA:SAMN10492701","","G: 1.000 (30) C: 0.000 "
"  ALFA:SAMN10492703","","G: 1.000 (594) C: 0.000 "
"  ALFA:SAMN10492704","","G: 1.000 (56) C: 0.000 "
"  ALFA:SAMN10492705","","G: 0.9999 (8987) C: 0.0001113 (1) "
"  ALFA:SAMN11605645","","G: 1.000 (2276) C: 0.000 "
