"Population","","Allele: frequency (count)"
"  ALFA:SAMN10492695","","G: 0.9998 (31562) T: 0.0001901 (6) "
"  ALFA:SAMN10492696","","G: 1.000 (16) T: 0.000 "
"  ALFA:SAMN10492697","","G: 1.000 (62) T: 0.000 "
"  ALFA:SAMN10492698","","G: 1.000 (724) T: 0.000 "
"  ALFA:SAMN10492701","","G: 1.000 (32) T: 0.000 "
"  ALFA:SAMN10492702","","G: 1.000 (10) T: 0.000 "
"  ALFA:SAMN10492703","","G: 1.000 (740) T: 0.000 "
"  ALFA:SAMN10492704","","G: 1.000 (94) T: 0.000 "
"  ALFA:SAMN10492705","","G: 0.9998 (35236) T: 0.0001703 (6) "
"  ALFA:SAMN11605645","","G: 1.000 (2830) T: 0.000 "
