"Population","","Allele: frequency (count)"
"  ALFA:SAMN10492695","","A: 0.9996 (85562) C: 0.0003972 (34) "
"  ALFA:SAMN10492696","","A: 1.000 (16) C: 0.000 "
"  ALFA:SAMN10492697","","A: 1.000 (112) C: 0.000 "
"  ALFA:SAMN10492698","","A: 0.999 (827) C: 0.001 (1) "
"  ALFA:SAMN10492699","","A: 1.000 (6) C: 0.000 "
"  ALFA:SAMN10492700","","A: 1.000 (22) C: 0.000 "
"  ALFA:SAMN10492701","","A: 1.000 (58) C: 0.000 "
"  ALFA:SAMN10492702","","A: 1.000 (14) C: 0.000 "
"  ALFA:SAMN10492703","","A: 0.999 (843) C: 0.001 (1) "
"  ALFA:SAMN10492704","","A: 1.000 (170) C: 0.000 "
"  ALFA:SAMN10492705","","A: 0.9996 (94942) C: 0.0004211 (40) "
"  ALFA:SAMN11605645","","A: 0.999 (8325) C: 0.001 (5) "
