"Population","","Allele: frequency (count)"
"  ALFA:SAMN10492695","","G: 0.9998 (8210) A: 0.0002435 (2) "
"  ALFA:SAMN10492696","","G: 1.000 (14) A: 0.000 "
"  ALFA:SAMN10492697","","G: 1.000 (62) A: 0.000 "
"  ALFA:SAMN10492698","","G: 1.000 (670) A: 0.000 "
"  ALFA:SAMN10492701","","G: 1.000 (32) A: 0.000 "
"  ALFA:SAMN10492702","","G: 1.000 (10) A: 0.000 "
"  ALFA:SAMN10492703","","G: 1.000 (684) A: 0.000 "
"  ALFA:SAMN10492704","","G: 1.000 (94) A: 0.000 "
"  ALFA:SAMN10492705","","G: 0.9998 (11356) A: 0.0001761 (2) "
"  ALFA:SAMN11605645","","G: 1.000 (2358) A: 0.000 "
