"Population","","Allele: frequency (count)"
"  ALFA:SAMN10492695","","G: 0.9998 (85574) T: 0.0001869 (16) "
"  ALFA:SAMN10492696","","G: 1.000 (16) T: 0.000 "
"  ALFA:SAMN10492697","","G: 1.000 (112) T: 0.000 "
"  ALFA:SAMN10492698","","G: 1.000 (828) T: 0.000 "
"  ALFA:SAMN10492699","","G: 1.000 (6) T: 0.000 "
"  ALFA:SAMN10492700","","G: 1.000 (22) T: 0.000 "
"  ALFA:SAMN10492701","","G: 1.000 (58) T: 0.000 "
"  ALFA:SAMN10492702","","G: 1.000 (14) T: 0.000 "
"  ALFA:SAMN10492703","","G: 1.000 (844) T: 0.000 "
"  ALFA:SAMN10492704","","G: 1.000 (170) T: 0.000 "
"  ALFA:SAMN10492705","","G: 0.9998 (94958) T: 0.0001895 (18) "
"  ALFA:SAMN11605645","","G: 0.9998 (8328) T: 0.0002401 (2) "
