"Population","","Allele: frequency (count)"
"  ALFA:SAMN10492695","","A: 0.9996 (75250) C: 0.0004251 (32) "
"  ALFA:SAMN10492696","","A: 1.000 (8) C: 0.000 "
"  ALFA:SAMN10492697","","A: 1.000 (6) C: 0.000 "
"  ALFA:SAMN10492698","","A: 1.000 (162) C: 0.000 "
"  ALFA:SAMN10492699","","A: 1.000 (6) C: 0.000 "
"  ALFA:SAMN10492700","","A: 1.000 (22) C: 0.000 "
"  ALFA:SAMN10492701","","A: 1.000 (2) C: 0.000 "
"  ALFA:SAMN10492702","","A: 1.000 (4) C: 0.000 "
"  ALFA:SAMN10492703","","A: 1.000 (170) C: 0.000 "
"  ALFA:SAMN10492704","","A: 1.000 (8) C: 0.000 "
"  ALFA:SAMN10492705","","A: 0.9996 (79733) C: 0.0004137 (33) "
"  ALFA:SAMN11605645","","A: 0.9998 (4273) C: 0.000234 (1) "
