"Population","","Allele: frequency (count)"
"  ALFA:SAMN10492695","","C: 0.9999 (8133) T: 0.0001229 (1) "
"  ALFA:SAMN10492696","","C: 1.000 (14) T: 0.000 "
"  ALFA:SAMN10492697","","C: 1.000 (28) T: 0.000 "
"  ALFA:SAMN10492698","","C: 0.999 (661) T: 0.002 (1) "
"  ALFA:SAMN10492701","","C: 1.000 (32) T: 0.000 "
"  ALFA:SAMN10492702","","C: 1.000 (4) T: 0.000 "
"  ALFA:SAMN10492703","","C: 0.999 (675) T: 0.001 (1) "
"  ALFA:SAMN10492704","","C: 1.000 (60) T: 0.000 "
"  ALFA:SAMN10492705","","C: 0.9997 (11173) T: 0.0002684 (3) "
"  ALFA:SAMN11605645","","C: 0.9996 (2301) T: 0.0004344 (1) "
