"Population","","Allele: frequency (count)"
"  ALFA:SAMN10492695","","T: 0.9998 (85572) C: 0.0002337 (20) "
"  ALFA:SAMN10492696","","T: 1.000 (16) C: 0.000 "
"  ALFA:SAMN10492697","","T: 1.000 (112) C: 0.000 "
"  ALFA:SAMN10492698","","T: 1.000 (828) C: 0.000 "
"  ALFA:SAMN10492699","","T: 1.000 (6) C: 0.000 "
"  ALFA:SAMN10492700","","T: 1.000 (22) C: 0.000 "
"  ALFA:SAMN10492701","","T: 1.000 (58) C: 0.000 "
"  ALFA:SAMN10492702","","T: 1.000 (14) C: 0.000 "
"  ALFA:SAMN10492703","","T: 1.000 (844) C: 0.000 "
"  ALFA:SAMN10492704","","T: 1.000 (170) C: 0.000 "
"  ALFA:SAMN10492705","","T: 0.9998 (94956) C: 0.0002316 (22) "
"  ALFA:SAMN11605645","","T: 0.9998 (8328) C: 0.0002401 (2) "
