"Population","","Allele: frequency (count)"
"  ALFA:SAMN10492695","","G: 0.9996 (78863) A: 0.0003676 (29) T: 0.000 "
"  ALFA:SAMN10492696","","G: 1.000 (16) A: 0.000 T: 0.000 "
"  ALFA:SAMN10492697","","G: 1.000 (112) A: 0.000 T: 0.000 "
"  ALFA:SAMN10492698","","G: 0.999 (827) A: 0.001 (1) T: 0.000 "
"  ALFA:SAMN10492699","","G: 1.000 (6) A: 0.000 T: 0.000 "
"  ALFA:SAMN10492700","","G: 1.000 (22) A: 0.000 T: 0.000 "
"  ALFA:SAMN10492701","","G: 1.000 (58) A: 0.000 T: 0.000 "
"  ALFA:SAMN10492702","","G: 1.000 (14) A: 0.000 T: 0.000 "
"  ALFA:SAMN10492703","","G: 0.999 (843) A: 0.001 (1) T: 0.000 "
"  ALFA:SAMN10492704","","G: 1.000 (170) A: 0.000 T: 0.000 "
"  ALFA:SAMN10492705","","G: 0.9996 (87871) A: 0.0003527 (31) T: 0.000 "
"  ALFA:SAMN11605645","","G: 0.9999 (7953) A: 0.0001257 (1) T: 0.000 "
