"Population","","Allele: frequency (count)"
"  ALFA:SAMN10492695","","C: 1.000 (6062) T: 0.000 "
"  ALFA:SAMN10492696","","C: 1.000 (8) T: 0.000 "
"  ALFA:SAMN10492697","","C: 1.000 (26) T: 0.000 "
"  ALFA:SAMN10492698","","C: 1.000 (586) T: 0.000 "
"  ALFA:SAMN10492701","","C: 1.000 (30) T: 0.000 "
"  ALFA:SAMN10492703","","C: 1.000 (594) T: 0.000 "
"  ALFA:SAMN10492704","","C: 1.000 (56) T: 0.000 "
"  ALFA:SAMN10492705","","C: 0.9999 (8987) T: 0.0001113 (1) "
"  ALFA:SAMN11605645","","C: 0.9996 (2275) T: 0.0004394 (1) "
