"Population","","Allele: frequency (count)"
"  ALFA:SAMN10492695","","G: 0.9998 (8132) A: 0.000 C: 0.0002459 (2) T: 0.000 "
"  ALFA:SAMN10492696","","G: 1.000 (14) A: 0.000 C: 0.000 T: 0.000 "
"  ALFA:SAMN10492697","","G: 1.000 (28) A: 0.000 C: 0.000 T: 0.000 "
"  ALFA:SAMN10492698","","G: 1.000 (662) A: 0.000 C: 0.000 T: 0.000 "
"  ALFA:SAMN10492701","","G: 1.000 (32) A: 0.000 C: 0.000 T: 0.000 "
"  ALFA:SAMN10492702","","G: 1.000 (4) A: 0.000 C: 0.000 T: 0.000 "
"  ALFA:SAMN10492703","","G: 1.000 (676) A: 0.000 C: 0.000 T: 0.000 "
"  ALFA:SAMN10492704","","G: 1.000 (60) A: 0.000 C: 0.000 T: 0.000 "
"  ALFA:SAMN10492705","","G: 0.9998 (11174) A: 0.000 C: 0.000179 (2) T: 0.000 "
"  ALFA:SAMN11605645","","G: 1.000 (2302) A: 0.000 C: 0.000 T: 0.000 "
