"Population","","Allele: frequency (count)"
"  ALFA:SAMN10492695","","T: 0.9998 (6061) C: 0.000165 (1) "
"  ALFA:SAMN10492696","","T: 1.000 (8) C: 0.000 "
"  ALFA:SAMN10492697","","T: 1.000 (26) C: 0.000 "
"  ALFA:SAMN10492698","","T: 1.000 (586) C: 0.000 "
"  ALFA:SAMN10492701","","T: 1.000 (30) C: 0.000 "
"  ALFA:SAMN10492703","","T: 1.000 (594) C: 0.000 "
"  ALFA:SAMN10492704","","T: 1.000 (56) C: 0.000 "
"  ALFA:SAMN10492705","","T: 0.9999 (8987) C: 0.0001113 (1) "
"  ALFA:SAMN11605645","","T: 1.000 (2276) C: 0.000 "
