"Population","","Allele: frequency (count)"
"  ALFA:SAMN10492695","","T: 0.9998 (83477) G: 0.0002036 (17) "
"  ALFA:SAMN10492696","","T: 1.000 (16) G: 0.000 "
"  ALFA:SAMN10492697","","T: 1.000 (108) G: 0.000 "
"  ALFA:SAMN10492698","","T: 1.000 (794) G: 0.000 "
"  ALFA:SAMN10492700","","T: 1.000 (20) G: 0.000 "
"  ALFA:SAMN10492701","","T: 1.000 (58) G: 0.000 "
"  ALFA:SAMN10492702","","T: 1.000 (14) G: 0.000 "
"  ALFA:SAMN10492703","","T: 1.000 (810) G: 0.000 "
"  ALFA:SAMN10492704","","T: 1.000 (166) G: 0.000 "
"  ALFA:SAMN10492705","","T: 0.9998 (92775) G: 0.0002263 (21) "
"  ALFA:SAMN11605645","","T: 0.9995 (8288) G: 0.0004824 (4) "
