"Population","","Allele: frequency (count)"
"  ALFA:SAMN10492695","","G: 0.9997 (6138) A: 0.0003257 (2) "
"  ALFA:SAMN10492696","","G: 1.000 (8) A: 0.000 "
"  ALFA:SAMN10492697","","G: 1.000 (60) A: 0.000 "
"  ALFA:SAMN10492698","","G: 1.000 (594) A: 0.000 "
"  ALFA:SAMN10492701","","G: 1.000 (30) A: 0.000 "
"  ALFA:SAMN10492702","","G: 1.000 (6) A: 0.000 "
"  ALFA:SAMN10492703","","G: 1.000 (602) A: 0.000 "
"  ALFA:SAMN10492704","","G: 1.000 (90) A: 0.000 "
"  ALFA:SAMN10492705","","G: 0.9998 (9168) A: 0.0002181 (2) "
"  ALFA:SAMN11605645","","G: 1.000 (2332) A: 0.000 "
