"Population","","Allele: frequency (count)"
"  ALFA:SAMN10492695","","T: 0.9995 (8130) C: 0.0004918 (4) "
"  ALFA:SAMN10492696","","T: 1.000 (14) C: 0.000 "
"  ALFA:SAMN10492697","","T: 1.000 (28) C: 0.000 "
"  ALFA:SAMN10492698","","T: 1.000 (662) C: 0.000 "
"  ALFA:SAMN10492701","","T: 1.000 (32) C: 0.000 "
"  ALFA:SAMN10492702","","T: 1.000 (4) C: 0.000 "
"  ALFA:SAMN10492703","","T: 1.000 (676) C: 0.000 "
"  ALFA:SAMN10492704","","T: 1.000 (60) C: 0.000 "
"  ALFA:SAMN10492705","","T: 0.9996 (11172) C: 0.0003579 (4) "
"  ALFA:SAMN11605645","","T: 1.000 (2302) C: 0.000 "
